Workbook
Name Fases: Listas!$A$3:$A$5
Name SiNo: Listas!$B$3:$B$4
Name Causas: Listas!$C$3:$C$18

Sheet Instrucciones
A1: Lookahead de 3 semanas
A2: Kit de implementación AWP · Proyecto Tipo (PT) – Complejo de instalaciones en tres fases
A4: Propósito | B4: Planificar las próximas 3 semanas de trabajo con IWP tomados del backlog, confirmar recursos críticos y medir el cumplimiento del plan semanal (PPC) con sus causas de no cumplimiento.
A5: Por qué se incluye | B5: El procedimiento 3.0 y la comparación AWP–Lean Construction establecen el three-week look-ahead y el PPC como el nexo entre el backlog de IWP y la ejecución semanal.
A6: Cuándo se usa | B6: Cada semana, en la reunión de lookahead (jueves). Durante la superposición de fases, se usa un solo lookahead conjunto.
A7: Quién la llena | B7: Los superintendentes seleccionan los IWP; el Líder de WFP y los planificadores preparan la hoja; el Gerente de Construcción la aprueba.
A8: Cómo llenarla | B8: 1. Escriba el lunes de la semana 1 (B3); las fechas de los días se actualizan solas. 2. Borre las filas amarillas de ejemplo. 3. Registre los IWP seleccionados del backlog con sus restricciones abiertas y recursos críticos. 4. Marque con «X» los días de ejecución de cada IWP en las 3 semanas. 5. Un día marcado en rojo indica un IWP programado con restricciones abiertas: resuélvalo o sáquelo del plan. 6. Al cerrar la semana 1, indique si cada IWP planificado se completó y, si no, la causa. El PPC se calcula en E3. 7. Revise la hoja «Causas de no cumplimiento» y lleve las causas repetidas al registro de lecciones aprendidas.
A9: Colores | B9: Amarillo: fila de ejemplo (bórrela o reemplácela). Encabezado azul oscuro: dato que se ingresa. Encabezado azul medio y celda gris: columna calculada con fórmula (no la sobrescriba). Rojo: vencido o fuera de meta. Ámbar: por vencer o cerca del límite. Verde: cumplido.
A10: Impresión | B10: Cada hoja está configurada en A4, ajustada al ancho de la página, con el encabezado repetido en cada página. El área de impresión de las hojas de datos cubre las primeras 50 filas: si usa más, amplíela en Diseño de página > Área de impresión.
A12: Columnas de la hoja «Lookahead»
A13: Columna | B13: Significado | C13: Tipo de dato
A14: Ejemplo | B14: Contiene «EJEMPLO» en las filas de ejemplo. Déjela vacía en las filas reales. | C14: Manual
A15: Fase del proyecto | B15: Fase del proyecto. | C15: Lista
A16: CWP | B16: Calculado a partir del código del IWP. | C16: Calculado
A17: IWP | B17: Código del IWP seleccionado del backlog. | C17: Manual
A18: Superintendente / capataz | B18: Responsables de la ejecución. | C18: Manual
A19: Personas en cuadrilla | B19: Tamaño de la cuadrilla. | C19: Manual
A20: HH | B20: Horas-hombre del IWP. | C20: Manual
A21: Restricciones abiertas | B21: Restricciones abiertas del IWP (del registro). | C21: Manual
A22: Listo para ejecutar | B22: Calculado: «Sí» si no tiene restricciones abiertas. | C22: Calculado
A23: Recursos críticos | B23: Grúas, andamios, equipos o permisos que deben confirmarse. | C23: Manual
A24: Planificado semana 1 | B24: Calculado: «Sí» si el IWP tiene días marcados en la semana 1. | C24: Calculado
... A27: S1 L … S3 S | B27: Días de las 3 semanas (lunes a sábado). Marque «X» los días de ejecución del IWP. | C27: Lista

Sheet Lookahead
A1: Lookahead de 3 semanas
A2: Proyecto Tipo (PT) – Complejo de instalaciones en tres fases. Ejemplo en M27, con las fases 2 y 3 en construcción simultánea (la fase 1 ya está cerrada). Filas amarillas = ejemplo.
A3: Lunes de la semana 1: | B3: 47182 | D3: PPC semana 1: | E3: =IFERROR(COUNTIFS($AD$6:$AD$125,"Sí",$AE$6:$AE$125,"Sí")/COUNTIF($AD$6:$AD$125,"Sí"),"")
L4: =$B$3+0 | M4: =$B$3+1 | N4: =$B$3+2 | O4: =$B$3+3 | P4: =$B$3+4 | Q4: =$B$3+5 | R4: =$B$3+7 | S4: =$B$3+8 | T4: =$B$3+9 | U4: =$B$3+10 | V4: =$B$3+11 | W4: =$B$3+12 | X4: =$B$3+14 | Y4: =$B$3+15 | Z4: =$B$3+16 | AA4: =$B$3+17 | AB4: =$B$3+18 | AC4: =$B$3+19
A5: Ejemplo | B5: Fase del proyecto | C5: CWP | D5: IWP | E5: Descripción | F5: Superintendente / capataz | G5: Personas en cuadrilla | H5: HH | I5: Restricciones abiertas | J5: Listo para ejecutar | K5: Recursos críticos | L5: S1 L | M5: S1 M | N5: S1 X | O5: S1 J | P5: S1 V | Q5: S1 S | R5: S2 L | S5: S2 M | T5: S2 X | U5: S2 J | V5: S2 V | W5: S2 S | X5: S3 L | Y5: S3 M | Z5: S3 X | AA5: S3 J | AB5: S3 V | AC5: S3 S | AD5: Planificado semana 1 | AE5: Completado semana 1 | AF5: Causa de no cumplimiento
A6: EJEMPLO | B6: Fase 2 | C6: =IF(D6="","","CWP"&MID(D6,4,12)) | D6: IWP-2.01-TUB-01-021 | E6: Tubería de agua de servicio nivel 3 ejes A5–A8 | F6: Superint. tuberías / Capataz T-06 | G6: 8 | H6: 440 | I6: 0 | J6: =IF(D6="","",IF(I6=0,"Sí","No")) | K6: Andamio AN-31 | L6: X | M6: X | N6: X | O6: X | P6: X | Q6: X | AD6: =IF(D6="","",IF(COUNTIF(L6:Q6,"X")>0,"Sí","No")) | AE6: Sí
A7: EJEMPLO | B7: Fase 2 | C7: =IF(D7="","","CWP"&MID(D7,4,12)) | D7: IWP-2.01-TUB-01-022 | E7: Tubería de agua de servicio nivel 3 ejes A9–A12 | F7: Superint. tuberías / Capataz T-06 | G7: 8 | H7: 440 | I7: 0 | J7: =IF(D7="","",IF(I7=0,"Sí","No")) | K7: Andamio AN-32 | R7: X | S7: X | T7: X | U7: X | V7: X | W7: X | AD7: =IF(D7="","",IF(COUNTIF(L7:Q7,"X")>0,"Sí","No"))
A8: EJEMPLO | B8: Fase 2 | C8: =IF(D8="","","CWP"&MID(D8,4,12)) | D8: IWP-2.03-ELE-01-012 | E8: Tendido de cables de media tensión al bloque A | F8: Superint. eléctrico / Capataz E-04 | G8: 10 | H8: 560 | I8: 0 | J8: =IF(D8="","",IF(I8=0,"Sí","No")) | K8: Carretes y tiracables | L8: X | M8: X | N8: X | O8: X | P8: X | AD8: =IF(D8="","",IF(COUNTIF(L8:Q8,"X")>0,"Sí","No")) | AE8: No | AF8: Materiales
A9: EJEMPLO | B9: Fase 2 | C9: =IF(D9="","","CWP"&MID(D9,4,12)) | D9: IWP-2.03-ELE-01-013 | E9: Conexionado de tableros de media tensión | F9: Superint. eléctrico / Capataz E-04 | G9: 6 | H9: 300 | I9: 0 | J9: =IF(D9="","",IF(I9=0,"Sí","No")) | K9: Equipo de pruebas | R9: X | S9: X | T9: X | U9: X | V9: X | W9: X | AD9: =IF(D9="","",IF(COUNTIF(L9:Q9,"X")>0,"Sí","No"))
A10: EJEMPLO | B10: Fase 3 | C10: =IF(D10="","","CWP"&MID(D10,4,12)) | D10: IWP-3.02-CIV-01-003 | E10: Zapatas ejes C4–C6 | F10: Superint. civil / Capataz C-08 | G10: 12 | H10: 580 | I10: 0 | J10: =IF(D10="","",IF(I10=0,"Sí","No")) | K10: Bomba de concreto | L10: X | M10: X | N10: X | O10: X | P10: X | Q10: X | AD10: =IF(D10="","",IF(COUNTIF(L10:Q10,"X")>0,"Sí","No")) | AE10: Sí
A11: EJEMPLO | B11: Fase 3 | C11: =IF(D11="","","CWP"&MID(D11,4,12)) | D11: IWP-3.02-CIV-01-004 | E11: Pedestales ejes C1–C3 | F11: Superint. civil / Capataz C-08 | G11: 10 | H11: 420 | I11: 0 | J11: =IF(D11="","",IF(I11=0,"Sí","No")) | K11: Encofrado metálico | R11: X | S11: X | T11: X | U11: X | V11: X | W11: X | AD11: =IF(D11="","",IF(COUNTIF(L11:Q11,"X")>0,"Sí","No"))
A12: EJEMPLO | B12: Fase 3 | C12: =IF(D12="","","CWP"&MID(D12,4,12)) | D12: IWP-3.01-ARQ-01-001 | E12: Tabiquería nivel 1 edificio de oficinas | F12: Superint. arquitectura / Capataz A-02 | G12: 9 | H12: 350 | I12: 1 | J12: =IF(D12="","",IF(I12=0,"Sí","No")) | K12: Plataforma elevadora | X12: X | Y12: X | Z12: X | AA12: X | AB12: X | AC12: X | AD12: =IF(D12="","",IF(COUNTIF(L12:Q12,"X")>0,"Sí","No"))
A13: EJEMPLO | B13: Fase 3 | C13: =IF(D13="","","CWP"&MID(D13,4,12)) | D13: IWP-3.01-ARQ-01-002 | E13: Tabiquería nivel 2 edificio de oficinas | F13: Superint. arquitectura / Capataz A-02 | G13: 9 | H13: 350 | I13: 0 | J13: =IF(D13="","",IF(I13=0,"Sí","No")) | K13: Plataforma elevadora | AD13: =IF(D13="","",IF(COUNTIF(L13:Q13,"X")>0,"Sí","No"))
C14: =IF(D14="","","CWP"&MID(D14,4,12)) | J14: =IF(D14="","",IF(I14=0,"Sí","No")) | AD14: =IF(D14="","",IF(COUNTIF(L14:Q14,"X")>0,"Sí","No"))
C15: =IF(D15="","","CWP"&MID(D15,4,12)) | J15: =IF(D15="","",IF(I15=0,"Sí","No")) | AD15: =IF(D15="","",IF(COUNTIF(L15:Q15,"X")>0,"Sí","No"))
C16: =IF(D16="","","CWP"&MID(D16,4,12)) | J16: =IF(D16="","",IF(I16=0,"Sí","No")) | AD16: =IF(D16="","",IF(COUNTIF(L16:Q16,"X")>0,"Sí","No"))
C17: =IF(D17="","","CWP"&MID(D17,4,12)) | J17: =IF(D17="","",IF(I17=0,"Sí","No")) | AD17: =IF(D17="","",IF(COUNTIF(L17:Q17,"X")>0,"Sí","No"))
C18: =IF(D18="","","CWP"&MID(D18,4,12)) | J18: =IF(D18="","",IF(I18=0,"Sí","No")) | AD18: =IF(D18="","",IF(COUNTIF(L18:Q18,"X")>0,"Sí","No"))
C19: =IF(D19="","","CWP"&MID(D19,4,12)) | J19: =IF(D19="","",IF(I19=0,"Sí","No")) | AD19: =IF(D19="","",IF(COUNTIF(L19:Q19,"X")>0,"Sí","No"))
C20: =IF(D20="","","CWP"&MID(D20,4,12)) | J20: =IF(D20="","",IF(I20=0,"Sí","No")) | AD20: =IF(D20="","",IF(COUNTIF(L20:Q20,"X")>0,"Sí","No"))
C21: =IF(D21="","","CWP"&MID(D21,4,12)) | J21: =IF(D21="","",IF(I21=0,"Sí","No")) | AD21: =IF(D21="","",IF(COUNTIF(L21:Q21,"X")>0,"Sí","No"))
C22: =IF(D22="","","CWP"&MID(D22,4,12)) | J22: =IF(D22="","",IF(I22=0,"Sí","No")) | AD22: =IF(D22="","",IF(COUNTIF(L22:Q22,"X")>0,"Sí","No"))
C23: =IF(D23="","","CWP"&MID(D23,4,12)) | J23: =IF(D23="","",IF(I23=0,"Sí","No")) | AD23: =IF(D23="","",IF(COUNTIF(L23:Q23,"X")>0,"Sí","No"))
C24: =IF(D24="","","CWP"&MID(D24,4,12)) | J24: =IF(D24="","",IF(I24=0,"Sí","No")) | AD24: =IF(D24="","",IF(COUNTIF(L24:Q24,"X")>0,"Sí","No"))
C25: =IF(D25="","","CWP"&MID(D25,4,12)) | J25: =IF(D25="","",IF(I25=0,"Sí","No")) | AD25: =IF(D25="","",IF(COUNTIF(L25:Q25,"X")>0,"Sí","No"))
... C125: =IF(D125="","","CWP"&MID(D125,4,12)) | J125: =IF(D125="","",IF(I125=0,"Sí","No")) | AD125: =IF(D125="","",IF(COUNTIF(L125:Q125,"X")>0,"Sí","No"))

Sheet Causas de no cumplimiento
A1: Causas de no cumplimiento (semana 1)
A2: Calculado a partir de la hoja «Lookahead». Úselo en la reunión semanal y en el análisis de lecciones.
A4: IWP no completados por causa y fase
B5: Fase 1 | C5: Fase 2 | D5: Fase 3 | E5: Total
A6: Ingeniería | B6: =COUNTIFS(Lookahead!$AF$6:$AF$125,$A6,Lookahead!$B$6:$B$125,"Fase 1") | C6: =COUNTIFS(Lookahead!$AF$6:$AF$125,$A6,Lookahead!$B$6:$B$125,"Fase 2") | D6: =COUNTIFS(Lookahead!$AF$6:$AF$125,$A6,Lookahead!$B$6:$B$125,"Fase 3") | E6: =COUNTIF(Lookahead!$AF$6:$AF$125,$A6)
A7: Materiales | B7: =COUNTIFS(Lookahead!$AF$6:$AF$125,$A7,Lookahead!$B$6:$B$125,"Fase 1") | C7: =COUNTIFS(Lookahead!$AF$6:$AF$125,$A7,Lookahead!$B$6:$B$125,"Fase 2") | D7: =COUNTIFS(Lookahead!$AF$6:$AF$125,$A7,Lookahead!$B$6:$B$125,"Fase 3") | E7: =COUNTIF(Lookahead!$AF$6:$AF$125,$A7)
A8: Equipos de construcción | B8: =COUNTIFS(Lookahead!$AF$6:$AF$125,$A8,Lookahead!$B$6:$B$125,"Fase 1") | C8: =COUNTIFS(Lookahead!$AF$6:$AF$125,$A8,Lookahead!$B$6:$B$125,"Fase 2") | D8: =COUNTIFS(Lookahead!$AF$6:$AF$125,$A8,Lookahead!$B$6:$B$125,"Fase 3") | E8: =COUNTIF(Lookahead!$AF$6:$AF$125,$A8)
A9: Permisos | B9: =COUNTIFS(Lookahead!$AF$6:$AF$125,$A9,Lookahead!$B$6:$B$125,"Fase 1") | C9: =COUNTIFS(Lookahead!$AF$6:$AF$125,$A9,Lookahead!$B$6:$B$125,"Fase 2") | D9: =COUNTIFS(Lookahead!$AF$6:$AF$125,$A9,Lookahead!$B$6:$B$125,"Fase 3") | E9: =COUNTIF(Lookahead!$AF$6:$AF$125,$A9)
A10: Mano de obra | B10: =COUNTIFS(Lookahead!$AF$6:$AF$125,$A10,Lookahead!$B$6:$B$125,"Fase 1") | C10: =COUNTIFS(Lookahead!$AF$6:$AF$125,$A10,Lookahead!$B$6:$B$125,"Fase 2") | D10: =COUNTIFS(Lookahead!$AF$6:$AF$125,$A10,Lookahead!$B$6:$B$125,"Fase 3") | E10: =COUNTIF(Lookahead!$AF$6:$AF$125,$A10)
A11: Andamios | B11: =COUNTIFS(Lookahead!$AF$6:$AF$125,$A11,Lookahead!$B$6:$B$125,"Fase 1") | C11: =COUNTIFS(Lookahead!$AF$6:$AF$125,$A11,Lookahead!$B$6:$B$125,"Fase 2") | D11: =COUNTIFS(Lookahead!$AF$6:$AF$125,$A11,Lookahead!$B$6:$B$125,"Fase 3") | E11: =COUNTIF(Lookahead!$AF$6:$AF$125,$A11)
A12: Acceso / interferencias | B12: =COUNTIFS(Lookahead!$AF$6:$AF$125,$A12,Lookahead!$B$6:$B$125,"Fase 1") | C12: =COUNTIFS(Lookahead!$AF$6:$AF$125,$A12,Lookahead!$B$6:$B$125,"Fase 2") | D12: =COUNTIFS(Lookahead!$AF$6:$AF$125,$A12,Lookahead!$B$6:$B$125,"Fase 3") | E12: =COUNTIF(Lookahead!$AF$6:$AF$125,$A12)
A13: Trabajos predecesores | B13: =COUNTIFS(Lookahead!$AF$6:$AF$125,$A13,Lookahead!$B$6:$B$125,"Fase 1") | C13: =COUNTIFS(Lookahead!$AF$6:$AF$125,$A13,Lookahead!$B$6:$B$125,"Fase 2") | D13: =COUNTIFS(Lookahead!$AF$6:$AF$125,$A13,Lookahead!$B$6:$B$125,"Fase 3") | E13: =COUNTIF(Lookahead!$AF$6:$AF$125,$A13)
A14: Calidad | B14: =COUNTIFS(Lookahead!$AF$6:$AF$125,$A14,Lookahead!$B$6:$B$125,"Fase 1") | C14: =COUNTIFS(Lookahead!$AF$6:$AF$125,$A14,Lookahead!$B$6:$B$125,"Fase 2") | D14: =COUNTIFS(Lookahead!$AF$6:$AF$125,$A14,Lookahead!$B$6:$B$125,"Fase 3") | E14: =COUNTIF(Lookahead!$AF$6:$AF$125,$A14)
A15: HSE | B15: =COUNTIFS(Lookahead!$AF$6:$AF$125,$A15,Lookahead!$B$6:$B$125,"Fase 1") | C15: =COUNTIFS(Lookahead!$AF$6:$AF$125,$A15,Lookahead!$B$6:$B$125,"Fase 2") | D15: =COUNTIFS(Lookahead!$AF$6:$AF$125,$A15,Lookahead!$B$6:$B$125,"Fase 3") | E15: =COUNTIF(Lookahead!$AF$6:$AF$125,$A15)
A16: Documentación del proveedor | B16: =COUNTIFS(Lookahead!$AF$6:$AF$125,$A16,Lookahead!$B$6:$B$125,"Fase 1") | C16: =COUNTIFS(Lookahead!$AF$6:$AF$125,$A16,Lookahead!$B$6:$B$125,"Fase 2") | D16: =COUNTIFS(Lookahead!$AF$6:$AF$125,$A16,Lookahead!$B$6:$B$125,"Fase 3") | E16: =COUNTIF(Lookahead!$AF$6:$AF$125,$A16)
A17: Interfaz entre fases | B17: =COUNTIFS(Lookahead!$AF$6:$AF$125,$A17,Lookahead!$B$6:$B$125,"Fase 1") | C17: =COUNTIFS(Lookahead!$AF$6:$AF$125,$A17,Lookahead!$B$6:$B$125,"Fase 2") | D17: =COUNTIFS(Lookahead!$AF$6:$AF$125,$A17,Lookahead!$B$6:$B$125,"Fase 3") | E17: =COUNTIF(Lookahead!$AF$6:$AF$125,$A17)
... A21: Otro | B21: =COUNTIFS(Lookahead!$AF$6:$AF$125,$A21,Lookahead!$B$6:$B$125,"Fase 1") | C21: =COUNTIFS(Lookahead!$AF$6:$AF$125,$A21,Lookahead!$B$6:$B$125,"Fase 2") | D21: =COUNTIFS(Lookahead!$AF$6:$AF$125,$A21,Lookahead!$B$6:$B$125,"Fase 3") | E21: =COUNTIF(Lookahead!$AF$6:$AF$125,$A21)

Sheet Listas
A1: Valores de las listas desplegables. Puede ampliarlas agregando valores al final de cada columna y ajustando el rango con nombre (Fórmulas > Administrador de nombres).
A2: Fases | B2: SiNo | C2: Causas
A3: Fase 1 | B3: Sí | C3: Ingeniería
A4: Fase 2 | B4: No | C4: Materiales
A5: Fase 3 | C5: Equipos de construcción
C6: Permisos
C7: Mano de obra
C8: Andamios
C9: Acceso / interferencias
C10: Trabajos predecesores
C11: Calidad
C12: HSE
C13: Documentación del proveedor
C14: Interfaz entre fases
C15: Clima
C16: Cambio de prioridad
C17: Productividad menor a la prevista
C18: Otro
