Workbook
Name Fases: Listas!$A$3:$A$5
Name EstadosPaquete: Listas!$B$3:$B$10
Name Roles: Listas!$C$3:$C$18

Sheet Instrucciones
A1: Programa de liberación de IWP
A2: Kit de implementación AWP · Proyecto Tipo (PT) – Complejo de instalaciones en tres fases
A4: Propósito | B4: Programar hacia atrás, para cada IWP, las fechas en que debe iniciarse, en que deben identificarse, asignarse y levantarse sus restricciones, y en que debe liberarse, según los plazos de su fase. Permite ver con anticipación qué IWP no llegarán liberados a tiempo.
A5: Por qué se incluye | B5: El procedimiento 3.0 (Pack Track) y el marco educativo del CII definen hitos de preparación del IWP en semanas antes de la ejecución. Esta plantilla aplica esos plazos a cada fase del proyecto tipo.
A6: Cuándo se usa | B6: Cada semana, para los IWP que entran en la ventana de planificación (8 semanas en las fases 1 y 3, 12 semanas en la fase 2).
A7: Quién la llena | B7: Los planificadores de frente de trabajo; el Líder de WFP revisa y usa la situación en la reunión de restricciones.
A8: Cómo llenarla | B8: 1. Actualice la fecha de corte (B3). 2. Revise los plazos por fase en la hoja «Plazos». 3. Borre las filas amarillas de ejemplo y registre los IWP con su fecha de inicio de ejecución planificada. 4. Las fechas intermedias se calculan solas; registre la liberación real cuando el checklist esté firmado. 5. Copie las restricciones abiertas del registro de restricciones (o de Seguimiento_Paquetes). 6. Filtre por «Situación» para preparar la reunión semanal.
A9: Colores | B9: Amarillo: fila de ejemplo (bórrela o reemplácela). Encabezado azul oscuro: dato que se ingresa. Encabezado azul medio y celda gris: columna calculada con fórmula (no la sobrescriba). Rojo: vencido o fuera de meta. Ámbar: por vencer o cerca del límite. Verde: cumplido.
A10: Impresión | B10: Cada hoja está configurada en A4, ajustada al ancho de la página, con el encabezado repetido en cada página. El área de impresión de las hojas de datos cubre las primeras 50 filas: si usa más, amplíela en Diseño de página > Área de impresión.
A11: Formato condicional | B11: Rojo: IWP con liberación objetivo vencida y sin liberar. Ámbar: liberación objetivo en 14 días o menos. Verde: liberado.
A13: Columnas de la hoja «Programa»
A14: Columna | B14: Significado | C14: Tipo de dato
A15: Ejemplo | B15: Contiene «EJEMPLO» en las filas de ejemplo. Déjela vacía en las filas reales. | C15: Manual
A16: IWP | B16: Código del IWP. | C16: Manual
A17: Fase del proyecto | B17: Fase del proyecto (define los plazos de la hoja «Plazos»). | C17: Lista
A18: CWP | B18: Calculado a partir del código del IWP. | C18: Calculado
A19: Descripción | B19: Alcance del IWP. | C19: Manual
A20: Cuadrilla / capataz | B20: Cuadrilla o capataz asignado. | C20: Manual
A21: HH estimadas | B21: Horas-hombre del IWP (300 a 600 HH). | C21: Manual
A22: Inicio de ejecución plan | B22: Fecha planificada de inicio en campo (cronograma de nivel 5). | C22: Manual
A23: IWP iniciado | B23: Calculado: fecha en que debe definirse el alcance del IWP. | C23: Calculado
A24: Restricciones identificadas | B24: Calculado: fecha límite para identificar restricciones. | C24: Calculado
A25: Restricciones asignadas | B25: Calculado: fecha límite para asignar responsables. | C25: Calculado
... A33: Observaciones | B33: Comentarios. | C33: Manual

Sheet Programa
A1: Programa de liberación de IWP
A2: Proyecto Tipo (PT) – Complejo de instalaciones en tres fases. Las filas en amarillo marcadas «EJEMPLO» son de ejemplo: bórrelas o reemplácelas.
A3: Fecha de corte: | B3: 46919
A5: Ejemplo | B5: IWP | C5: Fase del proyecto | D5: CWP | E5: Descripción | F5: Cuadrilla / capataz | G5: HH estimadas | H5: Inicio de ejecución plan | I5: IWP iniciado | J5: Restricciones identificadas | K5: Restricciones asignadas | L5: Restricciones levantadas | M5: Liberación objetivo | N5: Liberación real | O5: Restricciones abiertas | P5: Estado | Q5: Días de atraso en liberación | R5: Situación | S5: Observaciones
A6: EJEMPLO | B6: IWP-1.01-CIV-01-001 | C6: Fase 1 | D6: =IF(B6="","","CWP"&MID(B6,4,12)) | E6: Excavación masiva ejes 1–5 | F6: Cuadrilla C-01 | G6: 480 | H6: 46545 | I6: =IF(OR(B6="",H6="",C6=""),"",H6-7*VLOOKUP(C6,Plazos!$A$6:$F$8,2,FALSE)) | J6: =IF(OR(B6="",H6="",C6=""),"",H6-7*VLOOKUP(C6,Plazos!$A$6:$F$8,3,FALSE)) | K6: =IF(OR(B6="",H6="",C6=""),"",H6-7*VLOOKUP(C6,Plazos!$A$6:$F$8,4,FALSE)) | L6: =IF(OR(B6="",H6="",C6=""),"",H6-7*VLOOKUP(C6,Plazos!$A$6:$F$8,5,FALSE)) | M6: =IF(OR(B6="",H6="",C6=""),"",H6-7*VLOOKUP(C6,Plazos!$A$6:$F$8,6,FALSE)) | N6: 46549 | O6: 0 | P6: Cerrado | Q6: =IF(OR(B6="",M6=""),"",IF(N6<>"",MAX(0,N6-M6),MAX(0,$B$3-M6))) | R6: =IF(OR(B6="",M6=""),"",IF(N6<>"",IF(Q6>0,"Liberado con atraso","Liberado a tiempo"),IF($B$3>M6,"Vencido sin liberar",IF(M6-$B$3<=14,"Próximo a liberar","En plazo"))))
A7: EJEMPLO | B7: IWP-1.02-TUB-01-001 | C7: Fase 1 | D7: =IF(B7="","","CWP"&MID(B7,4,12)) | E7: Tubería de agua tramo T1 | F7: Cuadrilla T-02 | G7: 360 | H7: 46601 | I7: =IF(OR(B7="",H7="",C7=""),"",H7-7*VLOOKUP(C7,Plazos!$A$6:$F$8,2,FALSE)) | J7: =IF(OR(B7="",H7="",C7=""),"",H7-7*VLOOKUP(C7,Plazos!$A$6:$F$8,3,FALSE)) | K7: =IF(OR(B7="",H7="",C7=""),"",H7-7*VLOOKUP(C7,Plazos!$A$6:$F$8,4,FALSE)) | L7: =IF(OR(B7="",H7="",C7=""),"",H7-7*VLOOKUP(C7,Plazos!$A$6:$F$8,5,FALSE)) | M7: =IF(OR(B7="",H7="",C7=""),"",H7-7*VLOOKUP(C7,Plazos!$A$6:$F$8,6,FALSE)) | N7: 46587 | O7: 0 | P7: Cerrado | Q7: =IF(OR(B7="",M7=""),"",IF(N7<>"",MAX(0,N7-M7),MAX(0,$B$3-M7))) | R7: =IF(OR(B7="",M7=""),"",IF(N7<>"",IF(Q7>0,"Liberado con atraso","Liberado a tiempo"),IF($B$3>M7,"Vencido sin liberar",IF(M7-$B$3<=14,"Próximo a liberar","En plazo"))))
A8: EJEMPLO | B8: IWP-1.02-ELE-01-001 | C8: Fase 1 | D8: =IF(B8="","","CWP"&MID(B8,4,12)) | E8: Banco de ductos BD-01 a BD-04 | F8: Cuadrilla E-01 | G8: 400 | H8: 46615 | I8: =IF(OR(B8="",H8="",C8=""),"",H8-7*VLOOKUP(C8,Plazos!$A$6:$F$8,2,FALSE)) | J8: =IF(OR(B8="",H8="",C8=""),"",H8-7*VLOOKUP(C8,Plazos!$A$6:$F$8,3,FALSE)) | K8: =IF(OR(B8="",H8="",C8=""),"",H8-7*VLOOKUP(C8,Plazos!$A$6:$F$8,4,FALSE)) | L8: =IF(OR(B8="",H8="",C8=""),"",H8-7*VLOOKUP(C8,Plazos!$A$6:$F$8,5,FALSE)) | M8: =IF(OR(B8="",H8="",C8=""),"",H8-7*VLOOKUP(C8,Plazos!$A$6:$F$8,6,FALSE)) | N8: 46605 | O8: 0 | P8: Cerrado | Q8: =IF(OR(B8="",M8=""),"",IF(N8<>"",MAX(0,N8-M8),MAX(0,$B$3-M8))) | R8: =IF(OR(B8="",M8=""),"",IF(N8<>"",IF(Q8>0,"Liberado con atraso","Liberado a tiempo"),IF($B$3>M8,"Vencido sin liberar",IF(M8-$B$3<=14,"Próximo a liberar","En plazo"))))
A9: EJEMPLO | B9: IWP-2.01-CIV-01-001 | C9: Fase 2 | D9: =IF(B9="","","CWP"&MID(B9,4,12)) | E9: Zapatas ejes A1–A4 | F9: Cuadrilla C-05 | G9: 520 | H9: 46790 | I9: =IF(OR(B9="",H9="",C9=""),"",H9-7*VLOOKUP(C9,Plazos!$A$6:$F$8,2,FALSE)) | J9: =IF(OR(B9="",H9="",C9=""),"",H9-7*VLOOKUP(C9,Plazos!$A$6:$F$8,3,FALSE)) | K9: =IF(OR(B9="",H9="",C9=""),"",H9-7*VLOOKUP(C9,Plazos!$A$6:$F$8,4,FALSE)) | L9: =IF(OR(B9="",H9="",C9=""),"",H9-7*VLOOKUP(C9,Plazos!$A$6:$F$8,5,FALSE)) | M9: =IF(OR(B9="",H9="",C9=""),"",H9-7*VLOOKUP(C9,Plazos!$A$6:$F$8,6,FALSE)) | N9: 46778 | O9: 0 | P9: Cerrado | Q9: =IF(OR(B9="",M9=""),"",IF(N9<>"",MAX(0,N9-M9),MAX(0,$B$3-M9))) | R9: =IF(OR(B9="",M9=""),"",IF(N9<>"",IF(Q9>0,"Liberado con atraso","Liberado a tiempo"),IF($B$3>M9,"Vencido sin liberar",IF(M9-$B$3<=14,"Próximo a liberar","En plazo"))))
A10: EJEMPLO | B10: IWP-2.01-EST-01-001 | C10: Fase 2 | D10: =IF(B10="","","CWP"&MID(B10,4,12)) | E10: Montaje de columnas nivel 1 ejes A1–A4 | F10: Cuadrilla M-01 | G10: 420 | H10: 46868 | I10: =IF(OR(B10="",H10="",C10=""),"",H10-7*VLOOKUP(C10,Plazos!$A$6:$F$8,2,FALSE)) | J10: =IF(OR(B10="",H10="",C10=""),"",H10-7*VLOOKUP(C10,Plazos!$A$6:$F$8,3,FALSE)) | K10: =IF(OR(B10="",H10="",C10=""),"",H10-7*VLOOKUP(C10,Plazos!$A$6:$F$8,4,FALSE)) | L10: =IF(OR(B10="",H10="",C10=""),"",H10-7*VLOOKUP(C10,Plazos!$A$6:$F$8,5,FALSE)) | M10: =IF(OR(B10="",H10="",C10=""),"",H10-7*VLOOKUP(C10,Plazos!$A$6:$F$8,6,FALSE)) | O10: 2 | P10: En desarrollo | Q10: =IF(OR(B10="",M10=""),"",IF(N10<>"",MAX(0,N10-M10),MAX(0,$B$3-M10))) | R10: =IF(OR(B10="",M10=""),"",IF(N10<>"",IF(Q10>0,"Liberado con atraso","Liberado a tiempo"),IF($B$3>M10,"Vencido sin liberar",IF(M10-$B$3<=14,"Próximo a liberar","En plazo"))))
A11: EJEMPLO | B11: IWP-2.03-ELE-01-001 | C11: Fase 2 | D11: =IF(B11="","","CWP"&MID(B11,4,12)) | E11: Montaje de tableros de media tensión | F11: Cuadrilla E-04 | G11: 380 | H11: 46937 | I11: =IF(OR(B11="",H11="",C11=""),"",H11-7*VLOOKUP(C11,Plazos!$A$6:$F$8,2,FALSE)) | J11: =IF(OR(B11="",H11="",C11=""),"",H11-7*VLOOKUP(C11,Plazos!$A$6:$F$8,3,FALSE)) | K11: =IF(OR(B11="",H11="",C11=""),"",H11-7*VLOOKUP(C11,Plazos!$A$6:$F$8,4,FALSE)) | L11: =IF(OR(B11="",H11="",C11=""),"",H11-7*VLOOKUP(C11,Plazos!$A$6:$F$8,5,FALSE)) | M11: =IF(OR(B11="",H11="",C11=""),"",H11-7*VLOOKUP(C11,Plazos!$A$6:$F$8,6,FALSE)) | O11: 1 | P11: En desarrollo | Q11: =IF(OR(B11="",M11=""),"",IF(N11<>"",MAX(0,N11-M11),MAX(0,$B$3-M11))) | R11: =IF(OR(B11="",M11=""),"",IF(N11<>"",IF(Q11>0,"Liberado con atraso","Liberado a tiempo"),IF($B$3>M11,"Vencido sin liberar",IF(M11-$B$3<=14,"Próximo a liberar","En plazo"))))
A12: EJEMPLO | B12: IWP-2.01-TUB-01-001 | C12: Fase 2 | D12: =IF(B12="","","CWP"&MID(B12,4,12)) | E12: Tubería de agua de servicio nivel 1 | F12: Cuadrilla T-06 | G12: 450 | H12: 46993 | I12: =IF(OR(B12="",H12="",C12=""),"",H12-7*VLOOKUP(C12,Plazos!$A$6:$F$8,2,FALSE)) | J12: =IF(OR(B12="",H12="",C12=""),"",H12-7*VLOOKUP(C12,Plazos!$A$6:$F$8,3,FALSE)) | K12: =IF(OR(B12="",H12="",C12=""),"",H12-7*VLOOKUP(C12,Plazos!$A$6:$F$8,4,FALSE)) | L12: =IF(OR(B12="",H12="",C12=""),"",H12-7*VLOOKUP(C12,Plazos!$A$6:$F$8,5,FALSE)) | M12: =IF(OR(B12="",H12="",C12=""),"",H12-7*VLOOKUP(C12,Plazos!$A$6:$F$8,6,FALSE)) | O12: 1 | P12: En desarrollo | Q12: =IF(OR(B12="",M12=""),"",IF(N12<>"",MAX(0,N12-M12),MAX(0,$B$3-M12))) | R12: =IF(OR(B12="",M12=""),"",IF(N12<>"",IF(Q12>0,"Liberado con atraso","Liberado a tiempo"),IF($B$3>M12,"Vencido sin liberar",IF(M12-$B$3<=14,"Próximo a liberar","En plazo"))))
A13: EJEMPLO | B13: IWP-3.02-CIV-01-001 | C13: Fase 3 | D13: =IF(B13="","","CWP"&MID(B13,4,12)) | E13: Zapatas ejes C1–C3 | F13: Por asignar | G13: 500 | H13: 47154 | I13: =IF(OR(B13="",H13="",C13=""),"",H13-7*VLOOKUP(C13,Plazos!$A$6:$F$8,2,FALSE)) | J13: =IF(OR(B13="",H13="",C13=""),"",H13-7*VLOOKUP(C13,Plazos!$A$6:$F$8,3,FALSE)) | K13: =IF(OR(B13="",H13="",C13=""),"",H13-7*VLOOKUP(C13,Plazos!$A$6:$F$8,4,FALSE)) | L13: =IF(OR(B13="",H13="",C13=""),"",H13-7*VLOOKUP(C13,Plazos!$A$6:$F$8,5,FALSE)) | M13: =IF(OR(B13="",H13="",C13=""),"",H13-7*VLOOKUP(C13,Plazos!$A$6:$F$8,6,FALSE)) | O13: 0 | P13: Planificado | Q13: =IF(OR(B13="",M13=""),"",IF(N13<>"",MAX(0,N13-M13),MAX(0,$B$3-M13))) | R13: =IF(OR(B13="",M13=""),"",IF(N13<>"",IF(Q13>0,"Liberado con atraso","Liberado a tiempo"),IF($B$3>M13,"Vencido sin liberar",IF(M13-$B$3<=14,"Próximo a liberar","En plazo"))))
A14: EJEMPLO | B14: IWP-3.01-ARQ-01-001 | C14: Fase 3 | D14: =IF(B14="","","CWP"&MID(B14,4,12)) | E14: Tabiquería nivel 1 | F14: Por asignar | G14: 350 | H14: 47182 | I14: =IF(OR(B14="",H14="",C14=""),"",H14-7*VLOOKUP(C14,Plazos!$A$6:$F$8,2,FALSE)) | J14: =IF(OR(B14="",H14="",C14=""),"",H14-7*VLOOKUP(C14,Plazos!$A$6:$F$8,3,FALSE)) | K14: =IF(OR(B14="",H14="",C14=""),"",H14-7*VLOOKUP(C14,Plazos!$A$6:$F$8,4,FALSE)) | L14: =IF(OR(B14="",H14="",C14=""),"",H14-7*VLOOKUP(C14,Plazos!$A$6:$F$8,5,FALSE)) | M14: =IF(OR(B14="",H14="",C14=""),"",H14-7*VLOOKUP(C14,Plazos!$A$6:$F$8,6,FALSE)) | O14: 1 | P14: Planificado | Q14: =IF(OR(B14="",M14=""),"",IF(N14<>"",MAX(0,N14-M14),MAX(0,$B$3-M14))) | R14: =IF(OR(B14="",M14=""),"",IF(N14<>"",IF(Q14>0,"Liberado con atraso","Liberado a tiempo"),IF($B$3>M14,"Vencido sin liberar",IF(M14-$B$3<=14,"Próximo a liberar","En plazo"))))
D15: =IF(B15="","","CWP"&MID(B15,4,12)) | I15: =IF(OR(B15="",H15="",C15=""),"",H15-7*VLOOKUP(C15,Plazos!$A$6:$F$8,2,FALSE)) | J15: =IF(OR(B15="",H15="",C15=""),"",H15-7*VLOOKUP(C15,Plazos!$A$6:$F$8,3,FALSE)) | K15: =IF(OR(B15="",H15="",C15=""),"",H15-7*VLOOKUP(C15,Plazos!$A$6:$F$8,4,FALSE)) | L15: =IF(OR(B15="",H15="",C15=""),"",H15-7*VLOOKUP(C15,Plazos!$A$6:$F$8,5,FALSE)) | M15: =IF(OR(B15="",H15="",C15=""),"",H15-7*VLOOKUP(C15,Plazos!$A$6:$F$8,6,FALSE)) | Q15: =IF(OR(B15="",M15=""),"",IF(N15<>"",MAX(0,N15-M15),MAX(0,$B$3-M15))) | R15: =IF(OR(B15="",M15=""),"",IF(N15<>"",IF(Q15>0,"Liberado con atraso","Liberado a tiempo"),IF($B$3>M15,"Vencido sin liberar",IF(M15-$B$3<=14,"Próximo a liberar","En plazo"))))
D16: =IF(B16="","","CWP"&MID(B16,4,12)) | I16: =IF(OR(B16="",H16="",C16=""),"",H16-7*VLOOKUP(C16,Plazos!$A$6:$F$8,2,FALSE)) | J16: =IF(OR(B16="",H16="",C16=""),"",H16-7*VLOOKUP(C16,Plazos!$A$6:$F$8,3,FALSE)) | K16: =IF(OR(B16="",H16="",C16=""),"",H16-7*VLOOKUP(C16,Plazos!$A$6:$F$8,4,FALSE)) | L16: =IF(OR(B16="",H16="",C16=""),"",H16-7*VLOOKUP(C16,Plazos!$A$6:$F$8,5,FALSE)) | M16: =IF(OR(B16="",H16="",C16=""),"",H16-7*VLOOKUP(C16,Plazos!$A$6:$F$8,6,FALSE)) | Q16: =IF(OR(B16="",M16=""),"",IF(N16<>"",MAX(0,N16-M16),MAX(0,$B$3-M16))) | R16: =IF(OR(B16="",M16=""),"",IF(N16<>"",IF(Q16>0,"Liberado con atraso","Liberado a tiempo"),IF($B$3>M16,"Vencido sin liberar",IF(M16-$B$3<=14,"Próximo a liberar","En plazo"))))
D17: =IF(B17="","","CWP"&MID(B17,4,12)) | I17: =IF(OR(B17="",H17="",C17=""),"",H17-7*VLOOKUP(C17,Plazos!$A$6:$F$8,2,FALSE)) | J17: =IF(OR(B17="",H17="",C17=""),"",H17-7*VLOOKUP(C17,Plazos!$A$6:$F$8,3,FALSE)) | K17: =IF(OR(B17="",H17="",C17=""),"",H17-7*VLOOKUP(C17,Plazos!$A$6:$F$8,4,FALSE)) | L17: =IF(OR(B17="",H17="",C17=""),"",H17-7*VLOOKUP(C17,Plazos!$A$6:$F$8,5,FALSE)) | M17: =IF(OR(B17="",H17="",C17=""),"",H17-7*VLOOKUP(C17,Plazos!$A$6:$F$8,6,FALSE)) | Q17: =IF(OR(B17="",M17=""),"",IF(N17<>"",MAX(0,N17-M17),MAX(0,$B$3-M17))) | R17: =IF(OR(B17="",M17=""),"",IF(N17<>"",IF(Q17>0,"Liberado con atraso","Liberado a tiempo"),IF($B$3>M17,"Vencido sin liberar",IF(M17-$B$3<=14,"Próximo a liberar","En plazo"))))
D18: =IF(B18="","","CWP"&MID(B18,4,12)) | I18: =IF(OR(B18="",H18="",C18=""),"",H18-7*VLOOKUP(C18,Plazos!$A$6:$F$8,2,FALSE)) | J18: =IF(OR(B18="",H18="",C18=""),"",H18-7*VLOOKUP(C18,Plazos!$A$6:$F$8,3,FALSE)) | K18: =IF(OR(B18="",H18="",C18=""),"",H18-7*VLOOKUP(C18,Plazos!$A$6:$F$8,4,FALSE)) | L18: =IF(OR(B18="",H18="",C18=""),"",H18-7*VLOOKUP(C18,Plazos!$A$6:$F$8,5,FALSE)) | M18: =IF(OR(B18="",H18="",C18=""),"",H18-7*VLOOKUP(C18,Plazos!$A$6:$F$8,6,FALSE)) | Q18: =IF(OR(B18="",M18=""),"",IF(N18<>"",MAX(0,N18-M18),MAX(0,$B$3-M18))) | R18: =IF(OR(B18="",M18=""),"",IF(N18<>"",IF(Q18>0,"Liberado con atraso","Liberado a tiempo"),IF($B$3>M18,"Vencido sin liberar",IF(M18-$B$3<=14,"Próximo a liberar","En plazo"))))
D19: =IF(B19="","","CWP"&MID(B19,4,12)) | I19: =IF(OR(B19="",H19="",C19=""),"",H19-7*VLOOKUP(C19,Plazos!$A$6:$F$8,2,FALSE)) | J19: =IF(OR(B19="",H19="",C19=""),"",H19-7*VLOOKUP(C19,Plazos!$A$6:$F$8,3,FALSE)) | K19: =IF(OR(B19="",H19="",C19=""),"",H19-7*VLOOKUP(C19,Plazos!$A$6:$F$8,4,FALSE)) | L19: =IF(OR(B19="",H19="",C19=""),"",H19-7*VLOOKUP(C19,Plazos!$A$6:$F$8,5,FALSE)) | M19: =IF(OR(B19="",H19="",C19=""),"",H19-7*VLOOKUP(C19,Plazos!$A$6:$F$8,6,FALSE)) | Q19: =IF(OR(B19="",M19=""),"",IF(N19<>"",MAX(0,N19-M19),MAX(0,$B$3-M19))) | R19: =IF(OR(B19="",M19=""),"",IF(N19<>"",IF(Q19>0,"Liberado con atraso","Liberado a tiempo"),IF($B$3>M19,"Vencido sin liberar",IF(M19-$B$3<=14,"Próximo a liberar","En plazo"))))
D20: =IF(B20="","","CWP"&MID(B20,4,12)) | I20: =IF(OR(B20="",H20="",C20=""),"",H20-7*VLOOKUP(C20,Plazos!$A$6:$F$8,2,FALSE)) | J20: =IF(OR(B20="",H20="",C20=""),"",H20-7*VLOOKUP(C20,Plazos!$A$6:$F$8,3,FALSE)) | K20: =IF(OR(B20="",H20="",C20=""),"",H20-7*VLOOKUP(C20,Plazos!$A$6:$F$8,4,FALSE)) | L20: =IF(OR(B20="",H20="",C20=""),"",H20-7*VLOOKUP(C20,Plazos!$A$6:$F$8,5,FALSE)) | M20: =IF(OR(B20="",H20="",C20=""),"",H20-7*VLOOKUP(C20,Plazos!$A$6:$F$8,6,FALSE)) | Q20: =IF(OR(B20="",M20=""),"",IF(N20<>"",MAX(0,N20-M20),MAX(0,$B$3-M20))) | R20: =IF(OR(B20="",M20=""),"",IF(N20<>"",IF(Q20>0,"Liberado con atraso","Liberado a tiempo"),IF($B$3>M20,"Vencido sin liberar",IF(M20-$B$3<=14,"Próximo a liberar","En plazo"))))
D21: =IF(B21="","","CWP"&MID(B21,4,12)) | I21: =IF(OR(B21="",H21="",C21=""),"",H21-7*VLOOKUP(C21,Plazos!$A$6:$F$8,2,FALSE)) | J21: =IF(OR(B21="",H21="",C21=""),"",H21-7*VLOOKUP(C21,Plazos!$A$6:$F$8,3,FALSE)) | K21: =IF(OR(B21="",H21="",C21=""),"",H21-7*VLOOKUP(C21,Plazos!$A$6:$F$8,4,FALSE)) | L21: =IF(OR(B21="",H21="",C21=""),"",H21-7*VLOOKUP(C21,Plazos!$A$6:$F$8,5,FALSE)) | M21: =IF(OR(B21="",H21="",C21=""),"",H21-7*VLOOKUP(C21,Plazos!$A$6:$F$8,6,FALSE)) | Q21: =IF(OR(B21="",M21=""),"",IF(N21<>"",MAX(0,N21-M21),MAX(0,$B$3-M21))) | R21: =IF(OR(B21="",M21=""),"",IF(N21<>"",IF(Q21>0,"Liberado con atraso","Liberado a tiempo"),IF($B$3>M21,"Vencido sin liberar",IF(M21-$B$3<=14,"Próximo a liberar","En plazo"))))
D22: =IF(B22="","","CWP"&MID(B22,4,12)) | I22: =IF(OR(B22="",H22="",C22=""),"",H22-7*VLOOKUP(C22,Plazos!$A$6:$F$8,2,FALSE)) | J22: =IF(OR(B22="",H22="",C22=""),"",H22-7*VLOOKUP(C22,Plazos!$A$6:$F$8,3,FALSE)) | K22: =IF(OR(B22="",H22="",C22=""),"",H22-7*VLOOKUP(C22,Plazos!$A$6:$F$8,4,FALSE)) | L22: =IF(OR(B22="",H22="",C22=""),"",H22-7*VLOOKUP(C22,Plazos!$A$6:$F$8,5,FALSE)) | M22: =IF(OR(B22="",H22="",C22=""),"",H22-7*VLOOKUP(C22,Plazos!$A$6:$F$8,6,FALSE)) | Q22: =IF(OR(B22="",M22=""),"",IF(N22<>"",MAX(0,N22-M22),MAX(0,$B$3-M22))) | R22: =IF(OR(B22="",M22=""),"",IF(N22<>"",IF(Q22>0,"Liberado con atraso","Liberado a tiempo"),IF($B$3>M22,"Vencido sin liberar",IF(M22-$B$3<=14,"Próximo a liberar","En plazo"))))
D23: =IF(B23="","","CWP"&MID(B23,4,12)) | I23: =IF(OR(B23="",H23="",C23=""),"",H23-7*VLOOKUP(C23,Plazos!$A$6:$F$8,2,FALSE)) | J23: =IF(OR(B23="",H23="",C23=""),"",H23-7*VLOOKUP(C23,Plazos!$A$6:$F$8,3,FALSE)) | K23: =IF(OR(B23="",H23="",C23=""),"",H23-7*VLOOKUP(C23,Plazos!$A$6:$F$8,4,FALSE)) | L23: =IF(OR(B23="",H23="",C23=""),"",H23-7*VLOOKUP(C23,Plazos!$A$6:$F$8,5,FALSE)) | M23: =IF(OR(B23="",H23="",C23=""),"",H23-7*VLOOKUP(C23,Plazos!$A$6:$F$8,6,FALSE)) | Q23: =IF(OR(B23="",M23=""),"",IF(N23<>"",MAX(0,N23-M23),MAX(0,$B$3-M23))) | R23: =IF(OR(B23="",M23=""),"",IF(N23<>"",IF(Q23>0,"Liberado con atraso","Liberado a tiempo"),IF($B$3>M23,"Vencido sin liberar",IF(M23-$B$3<=14,"Próximo a liberar","En plazo"))))
D24: =IF(B24="","","CWP"&MID(B24,4,12)) | I24: =IF(OR(B24="",H24="",C24=""),"",H24-7*VLOOKUP(C24,Plazos!$A$6:$F$8,2,FALSE)) | J24: =IF(OR(B24="",H24="",C24=""),"",H24-7*VLOOKUP(C24,Plazos!$A$6:$F$8,3,FALSE)) | K24: =IF(OR(B24="",H24="",C24=""),"",H24-7*VLOOKUP(C24,Plazos!$A$6:$F$8,4,FALSE)) | L24: =IF(OR(B24="",H24="",C24=""),"",H24-7*VLOOKUP(C24,Plazos!$A$6:$F$8,5,FALSE)) | M24: =IF(OR(B24="",H24="",C24=""),"",H24-7*VLOOKUP(C24,Plazos!$A$6:$F$8,6,FALSE)) | Q24: =IF(OR(B24="",M24=""),"",IF(N24<>"",MAX(0,N24-M24),MAX(0,$B$3-M24))) | R24: =IF(OR(B24="",M24=""),"",IF(N24<>"",IF(Q24>0,"Liberado con atraso","Liberado a tiempo"),IF($B$3>M24,"Vencido sin liberar",IF(M24-$B$3<=14,"Próximo a liberar","En plazo"))))
D25: =IF(B25="","","CWP"&MID(B25,4,12)) | I25: =IF(OR(B25="",H25="",C25=""),"",H25-7*VLOOKUP(C25,Plazos!$A$6:$F$8,2,FALSE)) | J25: =IF(OR(B25="",H25="",C25=""),"",H25-7*VLOOKUP(C25,Plazos!$A$6:$F$8,3,FALSE)) | K25: =IF(OR(B25="",H25="",C25=""),"",H25-7*VLOOKUP(C25,Plazos!$A$6:$F$8,4,FALSE)) | L25: =IF(OR(B25="",H25="",C25=""),"",H25-7*VLOOKUP(C25,Plazos!$A$6:$F$8,5,FALSE)) | M25: =IF(OR(B25="",H25="",C25=""),"",H25-7*VLOOKUP(C25,Plazos!$A$6:$F$8,6,FALSE)) | Q25: =IF(OR(B25="",M25=""),"",IF(N25<>"",MAX(0,N25-M25),MAX(0,$B$3-M25))) | R25: =IF(OR(B25="",M25=""),"",IF(N25<>"",IF(Q25>0,"Liberado con atraso","Liberado a tiempo"),IF($B$3>M25,"Vencido sin liberar",IF(M25-$B$3<=14,"Próximo a liberar","En plazo"))))
D26: =IF(B26="","","CWP"&MID(B26,4,12)) | I26: =IF(OR(B26="",H26="",C26=""),"",H26-7*VLOOKUP(C26,Plazos!$A$6:$F$8,2,FALSE)) | J26: =IF(OR(B26="",H26="",C26=""),"",H26-7*VLOOKUP(C26,Plazos!$A$6:$F$8,3,FALSE)) | K26: =IF(OR(B26="",H26="",C26=""),"",H26-7*VLOOKUP(C26,Plazos!$A$6:$F$8,4,FALSE)) | L26: =IF(OR(B26="",H26="",C26=""),"",H26-7*VLOOKUP(C26,Plazos!$A$6:$F$8,5,FALSE)) | M26: =IF(OR(B26="",H26="",C26=""),"",H26-7*VLOOKUP(C26,Plazos!$A$6:$F$8,6,FALSE)) | Q26: =IF(OR(B26="",M26=""),"",IF(N26<>"",MAX(0,N26-M26),MAX(0,$B$3-M26))) | R26: =IF(OR(B26="",M26=""),"",IF(N26<>"",IF(Q26>0,"Liberado con atraso","Liberado a tiempo"),IF($B$3>M26,"Vencido sin liberar",IF(M26-$B$3<=14,"Próximo a liberar","En plazo"))))
... D305: =IF(B305="","","CWP"&MID(B305,4,12)) | I305: =IF(OR(B305="",H305="",C305=""),"",H305-7*VLOOKUP(C305,Plazos!$A$6:$F$8,2,FALSE)) | J305: =IF(OR(B305="",H305="",C305=""),"",H305-7*VLOOKUP(C305,Plazos!$A$6:$F$8,3,FALSE)) | K305: =IF(OR(B305="",H305="",C305=""),"",H305-7*VLOOKUP(C305,Plazos!$A$6:$F$8,4,FALSE)) | L305: =IF(OR(B305="",H305="",C305=""),"",H305-7*VLOOKUP(C305,Plazos!$A$6:$F$8,5,FALSE)) | M305: =IF(OR(B305="",H305="",C305=""),"",H305-7*VLOOKUP(C305,Plazos!$A$6:$F$8,6,FALSE)) | Q305: =IF(OR(B305="",M305=""),"",IF(N305<>"",MAX(0,N305-M305),MAX(0,$B$3-M305))) | R305: =IF(OR(B305="",M305=""),"",IF(N305<>"",IF(Q305>0,"Liberado con atraso","Liberado a tiempo"),IF($B$3>M305,"Vencido sin liberar",IF(M305-$B$3<=14,"Próximo a liberar","En plazo"))))

Sheet Plazos
A1: Plazos de liberación por fase (semanas antes del inicio de ejecución)
A2: Basado en el programa típico de restricciones del marco educativo del CII. Puede ajustarlos: las fechas del programa se recalculan.
A5: Fase del proyecto | B5: IWP iniciado | C5: Restricciones identificadas | D5: Restricciones asignadas | E5: Restricciones levantadas | F5: Liberación (backlog)
A6: Fase 1 | B6: 8 | C6: 6 | D6: 5 | E6: 3 | F6: 2
A7: Fase 2 | B7: 12 | C7: 10 | D7: 8 | E7: 4 | F7: 2
A8: Fase 3 | B8: 8 | C8: 6 | D8: 5 | E8: 3 | F8: 2

Sheet Listas
A1: Valores de las listas desplegables. Puede ampliarlas agregando valores al final de cada columna y ajustando el rango con nombre (Fórmulas > Administrador de nombres).
A2: Fases | B2: EstadosPaquete | C2: Roles
A3: Fase 1 | B3: Planificado | C3: Gerente del proyecto del cliente
A4: Fase 2 | B4: En desarrollo | C4: Gerente de Proyecto
A5: Fase 3 | B5: En revisión | C5: AWP Champion
B6: Aprobado | C6: Líder de WFP
B7: Liberado | C7: Planificador de frente de trabajo
B8: En ejecución | C8: Líder de Ingeniería
B9: Cerrado | C9: Líder de Procura
B10: Suspendido | C10: Gestor de materiales
C11: Gerente de Construcción
C12: Superintendente / capataz general
C13: Controles del proyecto
C14: Coordinador de gestión de información
C15: Líder de HSE
C16: Líder de calidad (QA/QC)
C17: Líder de comisionamiento
C18: Subcontratista de especialidad
