Workbook
Name Fases: Listas!$A$3:$A$5
Name Etapas: Listas!$B$3:$B$7
Name Roles: Listas!$C$3:$C$18
Name CategoriasLeccion: Listas!$D$3:$D$13
Name EstadosLeccion: Listas!$E$3:$E$8

Sheet Instrucciones
A1: Registro de lecciones aprendidas
A2: Kit de implementación AWP · Proyecto Tipo (PT) – Complejo de instalaciones en tres fases
A4: Propósito | B4: Capturar las lecciones aprendidas de cada fase del proyecto y asegurar que se conviertan en acciones implementadas y verificadas en la fase siguiente.
A5: Por qué se incluye | B5: El curso 2023 dedica una lección a las lecciones aprendidas y el plan exige transferirlas entre fases superpuestas; el registro las convierte en acciones con dueño y fecha.
A6: Cuándo se usa | B6: De forma continua; se analiza en la revisión trimestral, en el Comité AWP y al cierre de cada fase (antes de las puertas de control de M14 y M20).
A7: Quién la llena | B7: Cualquier miembro del equipo registra; el Líder de WFP consolida; el AWP Champion analiza y el Comité AWP aprueba las acciones.
A8: Cómo llenarla | B8: 1. Actualice la fecha de corte (B3). 2. Borre las filas amarillas de ejemplo. 3. Registre el evento con datos concretos y su causa raíz; no culpe a personas. 4. Formule la lección como recomendación y proponga una acción concreta sobre un documento. 5. Asigne responsable, fase de aplicación y fecha compromiso. 6. Actualice el estado hasta «Verificada», con la evidencia (KPI, auditoría).
A9: Colores | B9: Amarillo: fila de ejemplo (bórrela o reemplácela). Encabezado azul oscuro: dato que se ingresa. Encabezado azul medio y celda gris: columna calculada con fórmula (no la sobrescriba). Rojo: vencido o fuera de meta. Ámbar: por vencer o cerca del límite. Verde: cumplido.
A10: Impresión | B10: Cada hoja está configurada en A4, ajustada al ancho de la página, con el encabezado repetido en cada página. El área de impresión de las hojas de datos cubre las primeras 50 filas: si usa más, amplíela en Diseño de página > Área de impresión.
A12: Columnas de la hoja «Lecciones»
A13: Columna | B13: Significado | C13: Tipo de dato
A14: Ejemplo | B14: Contiene «EJEMPLO» en las filas de ejemplo. Déjela vacía en las filas reales. | C14: Manual
A15: ID | B15: Identificador (LA-01, LA-02…). | C15: Manual
A16: Fase de origen | B16: Fase del proyecto en que se produjo la lección. | C16: Lista
A17: Etapa del ciclo de vida | B17: Etapa del ciclo de vida relacionada. | C17: Lista
A18: Categoría | B18: Tema de la lección. | C18: Lista
A19: Tipo | B19: Positiva (práctica a repetir) o Negativa (problema a evitar). | C19: Lista
A20: Evento o situación | B20: Qué pasó, con datos concretos. | C20: Manual
A21: Causa raíz | B21: Por qué pasó. | C21: Manual
A22: Impacto | B22: Alto, Medio o Bajo. | C22: Lista
A23: Lección / recomendación | B23: Qué debe hacerse (o repetirse) en adelante. | C23: Manual
A24: Acción propuesta | B24: Cambio concreto: procedimiento, plantilla, meta, contrato, formación. | C24: Manual
... A32: Situación | B32: Calculado: Vencida, Por vencer (≤ 15 días), En plazo o Cerrada. | C32: Calculado

Sheet Lecciones
A1: Registro de lecciones aprendidas
A2: Proyecto Tipo (PT) – Complejo de instalaciones en tres fases. Las filas en amarillo marcadas «EJEMPLO» son de ejemplo: bórrelas o reemplácelas.
A3: Fecha de corte: | B3: 46919
A5: Ejemplo | B5: ID | C5: Fase de origen | D5: Etapa del ciclo de vida | E5: Categoría | F5: Tipo | G5: Evento o situación | H5: Causa raíz | I5: Impacto | J5: Lección / recomendación | K5: Acción propuesta | L5: Documento afectado | M5: Fase de aplicación | N5: Responsable (rol) | O5: Fecha compromiso | P5: Estado | Q5: Verificación (KPI / evidencia) | R5: Días para vencer | S5: Situación
A6: EJEMPLO | B6: LA-01 | C6: Fase 1 | D6: Construcción | E6: Definición de paquetes | F6: Negativa | G6: Los IWP de movimiento de tierras definidos por volumen total duraban 3 semanas; el PPC no reflejaba los problemas reales. | H6: No se aplicó el criterio de una semana por IWP. | I6: Medio | J6: Limitar los IWP a 1 semana y 600 HH. | K6: Incluir la regla en la plantilla de IWP de la Fase 2. | L6: Plantilla_IWP.docx | M6: Fase 2 | N6: Líder de WFP | O6: 46736 | P6: Verificada | Q6: PPC de Fase 2 con IWP de ≤ 600 HH (tablero de KPI). | R6: =IF(OR(B6="",O6=""),"",IF(OR(P6="Implementada",P6="Verificada",P6="Descartada"),"",O6-$B$3)) | S6: =IF(B6="","",IF(OR(P6="Implementada",P6="Verificada",P6="Descartada"),"Cerrada",IF(R6="","Sin fecha",IF(R6<0,"Vencida",IF(R6<=15,"Por vencer","En plazo")))))
A7: EJEMPLO | B7: LA-02 | C7: Fase 1 | D7: Procura | E7: Materiales | F7: Negativa | G7: Las órdenes de compra no tenían código de CWP; el almacén no podía reservar materiales por IWP. | H7: Codificación AWP no incluida en el sistema de compras. | I7: Alto | J7: El código de CWP debe estar en toda orden de compra y guía de despacho. | K7: Campo obligatorio de CWP en el sistema de compras desde la Fase 2. | L7: Procedimiento de procura | M7: Fase 2 | N7: Líder de Procura | O7: 46721 | P7: Implementada | Q7: Pendiente de auditoría al 20 % de la Fase 2. | R7: =IF(OR(B7="",O7=""),"",IF(OR(P7="Implementada",P7="Verificada",P7="Descartada"),"",O7-$B$3)) | S7: =IF(B7="","",IF(OR(P7="Implementada",P7="Verificada",P7="Descartada"),"Cerrada",IF(R7="","Sin fecha",IF(R7<0,"Vencida",IF(R7<=15,"Por vencer","En plazo")))))
A8: EJEMPLO | B8: LA-03 | C8: Fase 1 | D8: Construcción | E8: Restricciones | F8: Negativa | G8: Los permisos de excavación fueron la restricción más frecuente y se identificaban tarde. | H8: El permiso no estaba en la lista de restricciones por defecto. | I8: Alto | J8: Incluir el permiso como restricción por defecto y solicitarlo 3 semanas antes. | K8: Actualizar el procedimiento de restricciones y la plantilla de IWP. | L8: Procedimiento_Gestion_Restricciones.docx | M8: Fase 2 | N8: Líder de HSE | O8: 46736 | P8: Verificada | Q8: Sin restricciones de permiso vencidas en Fase 2 (registro). | R8: =IF(OR(B8="",O8=""),"",IF(OR(P8="Implementada",P8="Verificada",P8="Descartada"),"",O8-$B$3)) | S8: =IF(B8="","",IF(OR(P8="Implementada",P8="Verificada",P8="Descartada"),"Cerrada",IF(R8="","Sin fecha",IF(R8<0,"Vencida",IF(R8<=15,"Por vencer","En plazo")))))
A9: EJEMPLO | B9: LA-04 | C9: Fase 2 | D9: Ingeniería | E9: Ingeniería | F9: Negativa | G9: La documentación del proveedor de tableros llegó después de la emisión del EWP y retrasó los IWP de montaje. | H9: La documentación del proveedor no tenía fecha propia en el PWP. | I9: Medio | J9: Tratar la documentación del proveedor como entregable del PWP con fecha propia. | K9: Agregar la fecha de documentación del proveedor en los PWP de la Fase 3. | L9: Seguimiento_Paquetes.xlsx | M9: Fase 3 | N9: Líder de Procura | O9: 47026 | P9: Aprobada | R9: =IF(OR(B9="",O9=""),"",IF(OR(P9="Implementada",P9="Verificada",P9="Descartada"),"",O9-$B$3)) | S9: =IF(B9="","",IF(OR(P9="Implementada",P9="Verificada",P9="Descartada"),"Cerrada",IF(R9="","Sin fecha",IF(R9<0,"Vencida",IF(R9<=15,"Por vencer","En plazo")))))
A10: EJEMPLO | B10: LA-05 | C10: Fase 2 | D10: Construcción | E10: Interfaces entre fases | F10: Positiva | G10: La reunión conjunta de lookahead con la Fase 3 redujo los conflictos de grúas. | H10: Coordinación semanal de recursos compartidos. | I10: Medio | J10: Mantener un lookahead conjunto durante la superposición de fases. | K10: Ampliar la reunión a los subcontratistas de la Fase 3. | L10: Plan de implementación (organización) | M10: Fase 3 | N10: Gerente de Construcción | O10: 46996 | P10: Implementada | R10: =IF(OR(B10="",O10=""),"",IF(OR(P10="Implementada",P10="Verificada",P10="Descartada"),"",O10-$B$3)) | S10: =IF(B10="","",IF(OR(P10="Implementada",P10="Verificada",P10="Descartada"),"Cerrada",IF(R10="","Sin fecha",IF(R10<0,"Vencida",IF(R10<=15,"Por vencer","En plazo")))))
A11: EJEMPLO | B11: LA-06 | C11: Fase 2 | D11: Comisionamiento | E11: Comisionamiento | F11: Negativa | G11: Los IWP no indicaban sistema; fue difícil saber qué faltaba para entregar cada sistema. | H11: El campo sistema no era obligatorio. | I11: Alto | J11: Asignar el sistema a cada IWP desde su creación. | K11: Campo «Sistema» obligatorio en IWP y en el seguimiento de paquetes. | L11: Plantilla_IWP.docx | M11: Fase 3 | N11: Líder de comisionamiento | O11: 46914 | P11: En análisis | R11: =IF(OR(B11="",O11=""),"",IF(OR(P11="Implementada",P11="Verificada",P11="Descartada"),"",O11-$B$3)) | S11: =IF(B11="","",IF(OR(P11="Implementada",P11="Verificada",P11="Descartada"),"Cerrada",IF(R11="","Sin fecha",IF(R11<0,"Vencida",IF(R11<=15,"Por vencer","En plazo")))))
R12: =IF(OR(B12="",O12=""),"",IF(OR(P12="Implementada",P12="Verificada",P12="Descartada"),"",O12-$B$3)) | S12: =IF(B12="","",IF(OR(P12="Implementada",P12="Verificada",P12="Descartada"),"Cerrada",IF(R12="","Sin fecha",IF(R12<0,"Vencida",IF(R12<=15,"Por vencer","En plazo")))))
R13: =IF(OR(B13="",O13=""),"",IF(OR(P13="Implementada",P13="Verificada",P13="Descartada"),"",O13-$B$3)) | S13: =IF(B13="","",IF(OR(P13="Implementada",P13="Verificada",P13="Descartada"),"Cerrada",IF(R13="","Sin fecha",IF(R13<0,"Vencida",IF(R13<=15,"Por vencer","En plazo")))))
R14: =IF(OR(B14="",O14=""),"",IF(OR(P14="Implementada",P14="Verificada",P14="Descartada"),"",O14-$B$3)) | S14: =IF(B14="","",IF(OR(P14="Implementada",P14="Verificada",P14="Descartada"),"Cerrada",IF(R14="","Sin fecha",IF(R14<0,"Vencida",IF(R14<=15,"Por vencer","En plazo")))))
R15: =IF(OR(B15="",O15=""),"",IF(OR(P15="Implementada",P15="Verificada",P15="Descartada"),"",O15-$B$3)) | S15: =IF(B15="","",IF(OR(P15="Implementada",P15="Verificada",P15="Descartada"),"Cerrada",IF(R15="","Sin fecha",IF(R15<0,"Vencida",IF(R15<=15,"Por vencer","En plazo")))))
R16: =IF(OR(B16="",O16=""),"",IF(OR(P16="Implementada",P16="Verificada",P16="Descartada"),"",O16-$B$3)) | S16: =IF(B16="","",IF(OR(P16="Implementada",P16="Verificada",P16="Descartada"),"Cerrada",IF(R16="","Sin fecha",IF(R16<0,"Vencida",IF(R16<=15,"Por vencer","En plazo")))))
R17: =IF(OR(B17="",O17=""),"",IF(OR(P17="Implementada",P17="Verificada",P17="Descartada"),"",O17-$B$3)) | S17: =IF(B17="","",IF(OR(P17="Implementada",P17="Verificada",P17="Descartada"),"Cerrada",IF(R17="","Sin fecha",IF(R17<0,"Vencida",IF(R17<=15,"Por vencer","En plazo")))))
R18: =IF(OR(B18="",O18=""),"",IF(OR(P18="Implementada",P18="Verificada",P18="Descartada"),"",O18-$B$3)) | S18: =IF(B18="","",IF(OR(P18="Implementada",P18="Verificada",P18="Descartada"),"Cerrada",IF(R18="","Sin fecha",IF(R18<0,"Vencida",IF(R18<=15,"Por vencer","En plazo")))))
R19: =IF(OR(B19="",O19=""),"",IF(OR(P19="Implementada",P19="Verificada",P19="Descartada"),"",O19-$B$3)) | S19: =IF(B19="","",IF(OR(P19="Implementada",P19="Verificada",P19="Descartada"),"Cerrada",IF(R19="","Sin fecha",IF(R19<0,"Vencida",IF(R19<=15,"Por vencer","En plazo")))))
R20: =IF(OR(B20="",O20=""),"",IF(OR(P20="Implementada",P20="Verificada",P20="Descartada"),"",O20-$B$3)) | S20: =IF(B20="","",IF(OR(P20="Implementada",P20="Verificada",P20="Descartada"),"Cerrada",IF(R20="","Sin fecha",IF(R20<0,"Vencida",IF(R20<=15,"Por vencer","En plazo")))))
R21: =IF(OR(B21="",O21=""),"",IF(OR(P21="Implementada",P21="Verificada",P21="Descartada"),"",O21-$B$3)) | S21: =IF(B21="","",IF(OR(P21="Implementada",P21="Verificada",P21="Descartada"),"Cerrada",IF(R21="","Sin fecha",IF(R21<0,"Vencida",IF(R21<=15,"Por vencer","En plazo")))))
R22: =IF(OR(B22="",O22=""),"",IF(OR(P22="Implementada",P22="Verificada",P22="Descartada"),"",O22-$B$3)) | S22: =IF(B22="","",IF(OR(P22="Implementada",P22="Verificada",P22="Descartada"),"Cerrada",IF(R22="","Sin fecha",IF(R22<0,"Vencida",IF(R22<=15,"Por vencer","En plazo")))))
R23: =IF(OR(B23="",O23=""),"",IF(OR(P23="Implementada",P23="Verificada",P23="Descartada"),"",O23-$B$3)) | S23: =IF(B23="","",IF(OR(P23="Implementada",P23="Verificada",P23="Descartada"),"Cerrada",IF(R23="","Sin fecha",IF(R23<0,"Vencida",IF(R23<=15,"Por vencer","En plazo")))))
... R305: =IF(OR(B305="",O305=""),"",IF(OR(P305="Implementada",P305="Verificada",P305="Descartada"),"",O305-$B$3)) | S305: =IF(B305="","",IF(OR(P305="Implementada",P305="Verificada",P305="Descartada"),"Cerrada",IF(R305="","Sin fecha",IF(R305<0,"Vencida",IF(R305<=15,"Por vencer","En plazo")))))

Sheet Resumen
A1: Resumen de lecciones aprendidas
A2: Calculado a partir de la hoja «Lecciones».
A4: Por fase de origen y estado
B5: Registrada | C5: En análisis | D5: Aprobada | E5: Implementada | F5: Verificada | G5: Descartada | H5: Vencidas
A6: Fase 1 | B6: =COUNTIFS(Lecciones!$C$6:$C$305,$A6,Lecciones!$P$6:$P$305,"Registrada") | C6: =COUNTIFS(Lecciones!$C$6:$C$305,$A6,Lecciones!$P$6:$P$305,"En análisis") | D6: =COUNTIFS(Lecciones!$C$6:$C$305,$A6,Lecciones!$P$6:$P$305,"Aprobada") | E6: =COUNTIFS(Lecciones!$C$6:$C$305,$A6,Lecciones!$P$6:$P$305,"Implementada") | F6: =COUNTIFS(Lecciones!$C$6:$C$305,$A6,Lecciones!$P$6:$P$305,"Verificada") | G6: =COUNTIFS(Lecciones!$C$6:$C$305,$A6,Lecciones!$P$6:$P$305,"Descartada") | H6: =COUNTIFS(Lecciones!$C$6:$C$305,$A6,Lecciones!$S$6:$S$305,"Vencida")
A7: Fase 2 | B7: =COUNTIFS(Lecciones!$C$6:$C$305,$A7,Lecciones!$P$6:$P$305,"Registrada") | C7: =COUNTIFS(Lecciones!$C$6:$C$305,$A7,Lecciones!$P$6:$P$305,"En análisis") | D7: =COUNTIFS(Lecciones!$C$6:$C$305,$A7,Lecciones!$P$6:$P$305,"Aprobada") | E7: =COUNTIFS(Lecciones!$C$6:$C$305,$A7,Lecciones!$P$6:$P$305,"Implementada") | F7: =COUNTIFS(Lecciones!$C$6:$C$305,$A7,Lecciones!$P$6:$P$305,"Verificada") | G7: =COUNTIFS(Lecciones!$C$6:$C$305,$A7,Lecciones!$P$6:$P$305,"Descartada") | H7: =COUNTIFS(Lecciones!$C$6:$C$305,$A7,Lecciones!$S$6:$S$305,"Vencida")
A8: Fase 3 | B8: =COUNTIFS(Lecciones!$C$6:$C$305,$A8,Lecciones!$P$6:$P$305,"Registrada") | C8: =COUNTIFS(Lecciones!$C$6:$C$305,$A8,Lecciones!$P$6:$P$305,"En análisis") | D8: =COUNTIFS(Lecciones!$C$6:$C$305,$A8,Lecciones!$P$6:$P$305,"Aprobada") | E8: =COUNTIFS(Lecciones!$C$6:$C$305,$A8,Lecciones!$P$6:$P$305,"Implementada") | F8: =COUNTIFS(Lecciones!$C$6:$C$305,$A8,Lecciones!$P$6:$P$305,"Verificada") | G8: =COUNTIFS(Lecciones!$C$6:$C$305,$A8,Lecciones!$P$6:$P$305,"Descartada") | H8: =COUNTIFS(Lecciones!$C$6:$C$305,$A8,Lecciones!$S$6:$S$305,"Vencida")
A10: Por fase de aplicación (acciones que recibe cada fase)
B11: Total | C11: Pendientes | D11: Implementadas o verificadas
A12: Fase 1 | B12: =COUNTIF(Lecciones!$M$6:$M$305,$A12) | C12: =COUNTIFS(Lecciones!$M$6:$M$305,$A12,Lecciones!$P$6:$P$305,"Registrada")+COUNTIFS(Lecciones!$M$6:$M$305,$A12,Lecciones!$P$6:$P$305,"En análisis")+COUNTIFS(Lecciones!$M$6:$M$305,$A12,Lecciones!$P$6:$P$305,"Aprobada") | D12: =COUNTIFS(Lecciones!$M$6:$M$305,$A12,Lecciones!$P$6:$P$305,"Implementada")+COUNTIFS(Lecciones!$M$6:$M$305,$A12,Lecciones!$P$6:$P$305,"Verificada")
A13: Fase 2 | B13: =COUNTIF(Lecciones!$M$6:$M$305,$A13) | C13: =COUNTIFS(Lecciones!$M$6:$M$305,$A13,Lecciones!$P$6:$P$305,"Registrada")+COUNTIFS(Lecciones!$M$6:$M$305,$A13,Lecciones!$P$6:$P$305,"En análisis")+COUNTIFS(Lecciones!$M$6:$M$305,$A13,Lecciones!$P$6:$P$305,"Aprobada") | D13: =COUNTIFS(Lecciones!$M$6:$M$305,$A13,Lecciones!$P$6:$P$305,"Implementada")+COUNTIFS(Lecciones!$M$6:$M$305,$A13,Lecciones!$P$6:$P$305,"Verificada")
A14: Fase 3 | B14: =COUNTIF(Lecciones!$M$6:$M$305,$A14) | C14: =COUNTIFS(Lecciones!$M$6:$M$305,$A14,Lecciones!$P$6:$P$305,"Registrada")+COUNTIFS(Lecciones!$M$6:$M$305,$A14,Lecciones!$P$6:$P$305,"En análisis")+COUNTIFS(Lecciones!$M$6:$M$305,$A14,Lecciones!$P$6:$P$305,"Aprobada") | D14: =COUNTIFS(Lecciones!$M$6:$M$305,$A14,Lecciones!$P$6:$P$305,"Implementada")+COUNTIFS(Lecciones!$M$6:$M$305,$A14,Lecciones!$P$6:$P$305,"Verificada")

Sheet Listas
A1: Valores de las listas desplegables. Puede ampliarlas agregando valores al final de cada columna y ajustando el rango con nombre (Fórmulas > Administrador de nombres).
A2: Fases | B2: Etapas | C2: Roles | D2: CategoriasLeccion | E2: EstadosLeccion
A3: Fase 1 | B3: Planificación temprana (FEL) | C3: Gerente del proyecto del cliente | D3: Definición de paquetes | E3: Registrada
A4: Fase 2 | B4: Ingeniería | C4: Gerente de Proyecto | D4: Path of Construction | E4: En análisis
A5: Fase 3 | B5: Procura | C5: AWP Champion | D5: Restricciones | E5: Aprobada
B6: Construcción | C6: Líder de WFP | D6: Materiales | E6: Implementada
B7: Comisionamiento | C7: Planificador de frente de trabajo | D7: Ingeniería | E7: Verificada
C8: Líder de Ingeniería | D8: Herramientas e información | E8: Descartada
C9: Líder de Procura | D9: Organización y roles
C10: Gestor de materiales | D10: HSE
C11: Gerente de Construcción | D11: Calidad
C12: Superintendente / capataz general | D12: Comisionamiento
C13: Controles del proyecto | D13: Interfaces entre fases
C14: Coordinador de gestión de información
C15: Líder de HSE
C16: Líder de calidad (QA/QC)
C17: Líder de comisionamiento
C18: Subcontratista de especialidad
