Workbook
Name Fases: Listas!$A$3:$A$5
Name TiposRestriccion: Listas!$B$3:$B$14
Name EstadosRestriccion: Listas!$C$3:$C$6
Name Roles: Listas!$D$3:$D$18

Sheet Instrucciones
A1: Registro de restricciones
A2: Kit de implementación AWP · Proyecto Tipo (PT) – Complejo de instalaciones en tres fases
A4: Propósito | B4: Registrar en una sola lista todas las restricciones que impiden liberar un IWP o iniciar un CWP, con su responsable y fecha requerida, para levantarlas antes de que el trabajo llegue a campo. Es la herramienta central de la «regla de oro» de WFP: ningún IWP se libera con restricciones abiertas.
A5: Cuándo se usa | B5: Cada semana, desde que el IWP entra a la ventana de planificación (8 a 12 semanas antes de su ejecución según la fase) hasta que se libera. Se revisa en la reunión semanal de restricciones.
A6: Quién la llena | B6: Los planificadores de frente de trabajo registran las restricciones; cada responsable actualiza el estado y la fecha de liberación; el Líder de WFP consolida y revisa la calidad del registro.
A7: Cómo llenarla | B7: 1. Actualice la fecha de corte (celda B3) con la fecha del reporte. Para que se actualice sola, escriba =HOY(). 2. Borre las filas de ejemplo (amarillas) antes de usar la plantilla en un proyecto real. 3. Registre una fila por restricción. Use los códigos de CWP e IWP de la plantilla Seguimiento_Paquetes. 4. Elija fase, tipo, responsable y estado de las listas desplegables. 5. Fije la fecha requerida según los plazos de la fase (ver Programa_Liberacion_IWP). 6. Cuando la restricción se resuelva, cambie el estado a «Liberada» y anote la fecha de liberación y la evidencia en observaciones. 7. No escriba en las columnas calculadas (encabezado azul medio y celdas grises). 8. Use los filtros del encabezado para preparar la reunión semanal (por ejemplo, Situación = Vencida o Por vencer). 9. Revise la hoja «Resumen» para el reporte semanal por fase.
A8: Colores | B8: Amarillo: fila de ejemplo (bórrela o reemplácela). Encabezado azul oscuro: dato que se ingresa. Encabezado azul medio y celda gris: columna calculada con fórmula (no la sobrescriba). Rojo: vencido o fuera de meta. Ámbar: por vencer o cerca del límite. Verde: cumplido.
A9: Impresión | B9: Cada hoja está configurada en A4, ajustada al ancho de la página, con el encabezado repetido en cada página. El área de impresión de las hojas de datos cubre las primeras 50 filas: si usa más, amplíela en Diseño de página > Área de impresión.
A10: Formato condicional | B10: Fila en rojo: restricción vencida (no liberada y con fecha requerida anterior a la fecha de corte). Fila en ámbar: vence en 7 días o menos. Situación en verde: liberada.
A12: Columnas de la hoja «Registro»
A13: Columna | B13: Significado | C13: Tipo de dato
A14: Ejemplo | B14: Contiene «EJEMPLO» en las filas de ejemplo. Déjela vacía en las filas reales. | C14: Manual
A15: ID | B15: Identificador único: R-0001, R-0002… No se reutiliza aunque la restricción se cancele. | C15: Manual
A16: Fase del proyecto | B16: Fase del proyecto a la que pertenece el IWP o CWP afectado. | C16: Lista
A17: CWP relacionado | B17: Código del CWP (formato CWP-<fase>.<nn>-<disciplina>-<nn>). | C17: Manual
A18: IWP relacionado | B18: Código del IWP afectado (formato IWP-<fase>.<nn>-<disciplina>-<nn>-<nnn>). Vacío si la restricción afecta a todo el CWP. | C18: Manual
A19: Tipo de restricción | B19: Categoría de la restricción (lista común del kit). | C19: Lista
A20: Descripción | B20: Qué falta exactamente para poder ejecutar el trabajo. Debe ser verificable. | C20: Manual
A21: Responsable (rol) | B21: Rol responsable de levantar la restricción. | C21: Lista
A22: Nombre del responsable | B22: Persona concreta que levantará la restricción. | C22: Manual
A23: Fecha identificada | B23: Fecha en que el planificador registró la restricción. | C23: Manual
A24: Fecha requerida | B24: Fecha límite para liberar la restricción sin afectar la liberación del IWP. | C24: Manual
... A29: Observaciones | B29: Comentarios, escalamientos, evidencia de liberación. | C29: Manual

Sheet Registro
A1: Registro de restricciones
A2: Proyecto Tipo (PT) – Complejo de instalaciones en tres fases. Las filas en amarillo marcadas «EJEMPLO» son de ejemplo: bórrelas o reemplácelas.
A3: Fecha de corte: | B3: 46919
A5: Ejemplo | B5: ID | C5: Fase del proyecto | D5: CWP relacionado | E5: IWP relacionado | F5: Tipo de restricción | G5: Descripción | H5: Responsable (rol) | I5: Nombre del responsable | J5: Fecha identificada | K5: Fecha requerida | L5: Fecha de liberación | M5: Estado | N5: Días de atraso | O5: Situación | P5: Observaciones
A6: EJEMPLO | B6: R-0001 | C6: Fase 1 | D6: CWP-1.01-CIV-01 | E6: IWP-1.01-CIV-01-001 | F6: Permisos | G6: Permiso de excavación de la plataforma norte | H6: Líder de HSE | I6: (nombre) | J6: 46517 | K6: 46538 | L6: 46545 | M6: Liberada | N6: =IF(OR(B6="",K6=""),"",IF(M6="Cancelada",0,IF(M6="Liberada",IF(L6="",0,MAX(0,L6-K6)),MAX(0,$B$3-K6)))) | O6: =IF(B6="","",IF(M6="Cancelada","Cancelada",IF(M6="Liberada",IF(N6>0,"Liberada con atraso","Liberada a tiempo"),IF(K6="","Sin fecha requerida",IF($B$3>K6,"Vencida",IF(K6-$B$3<=7,"Por vencer","En plazo")))))) | P6: Se identificó tarde; ver lección LA-03.
A7: EJEMPLO | B7: R-0002 | C7: Fase 1 | D7: CWP-1.02-TUB-01 | E7: IWP-1.02-TUB-01-001 | F7: Materiales | G7: Tubería HDPE DN200 del tramo T1 no recibida | H7: Líder de Procura | I7: (nombre) | J7: 46573 | K7: 46587 | L7: 46584 | M7: Liberada | N7: =IF(OR(B7="",K7=""),"",IF(M7="Cancelada",0,IF(M7="Liberada",IF(L7="",0,MAX(0,L7-K7)),MAX(0,$B$3-K7)))) | O7: =IF(B7="","",IF(M7="Cancelada","Cancelada",IF(M7="Liberada",IF(N7>0,"Liberada con atraso","Liberada a tiempo"),IF(K7="","Sin fecha requerida",IF($B$3>K7,"Vencida",IF(K7-$B$3<=7,"Por vencer","En plazo"))))))
A8: EJEMPLO | B8: R-0003 | C8: Fase 1 | D8: CWP-1.02-ELE-01 | E8: IWP-1.02-ELE-01-001 | F8: Trabajos predecesores | G8: Excavación de zanja para bancos BD-01 a BD-04 no terminada | H8: Superintendente / capataz general | I8: (nombre) | J8: 46587 | K8: 46608 | L8: 46605 | M8: Liberada | N8: =IF(OR(B8="",K8=""),"",IF(M8="Cancelada",0,IF(M8="Liberada",IF(L8="",0,MAX(0,L8-K8)),MAX(0,$B$3-K8)))) | O8: =IF(B8="","",IF(M8="Cancelada","Cancelada",IF(M8="Liberada",IF(N8>0,"Liberada con atraso","Liberada a tiempo"),IF(K8="","Sin fecha requerida",IF($B$3>K8,"Vencida",IF(K8-$B$3<=7,"Por vencer","En plazo"))))))
A9: EJEMPLO | B9: R-0004 | C9: Fase 2 | D9: CWP-2.01-CIV-01 | E9: IWP-2.01-CIV-01-001 | F9: Ingeniería | G9: RFI-045: detalle de pernos de anclaje de columnas A1–A4 | H9: Líder de Ingeniería | I9: (nombre) | J9: 46727 | K9: 46769 | L9: 46776 | M9: Liberada | N9: =IF(OR(B9="",K9=""),"",IF(M9="Cancelada",0,IF(M9="Liberada",IF(L9="",0,MAX(0,L9-K9)),MAX(0,$B$3-K9)))) | O9: =IF(B9="","",IF(M9="Cancelada","Cancelada",IF(M9="Liberada",IF(N9>0,"Liberada con atraso","Liberada a tiempo"),IF(K9="","Sin fecha requerida",IF($B$3>K9,"Vencida",IF(K9-$B$3<=7,"Por vencer","En plazo"))))))
A10: EJEMPLO | B10: R-0005 | C10: Fase 2 | D10: CWP-2.01-EST-01 | E10: IWP-2.01-EST-01-001 | F10: Equipos de construcción | G10: Grúa de 100 t no disponible para montaje de columnas | H10: Gerente de Construcción | I10: (nombre) | J10: 46803 | K10: 46854 | M10: En gestión | N10: =IF(OR(B10="",K10=""),"",IF(M10="Cancelada",0,IF(M10="Liberada",IF(L10="",0,MAX(0,L10-K10)),MAX(0,$B$3-K10)))) | O10: =IF(B10="","",IF(M10="Cancelada","Cancelada",IF(M10="Liberada",IF(N10>0,"Liberada con atraso","Liberada a tiempo"),IF(K10="","Sin fecha requerida",IF($B$3>K10,"Vencida",IF(K10-$B$3<=7,"Por vencer","En plazo")))))) | P10: Escalada al Gerente de Proyecto.
A11: EJEMPLO | B11: R-0006 | C11: Fase 2 | D11: CWP-2.01-TUB-01 | E11: IWP-2.01-TUB-01-001 | F11: Documentación del proveedor | G11: Planos certificados de válvulas con tag pendientes | H11: Líder de Procura | I11: (nombre) | J11: 46875 | K11: 46914 | M11: Abierta | N11: =IF(OR(B11="",K11=""),"",IF(M11="Cancelada",0,IF(M11="Liberada",IF(L11="",0,MAX(0,L11-K11)),MAX(0,$B$3-K11)))) | O11: =IF(B11="","",IF(M11="Cancelada","Cancelada",IF(M11="Liberada",IF(N11>0,"Liberada con atraso","Liberada a tiempo"),IF(K11="","Sin fecha requerida",IF($B$3>K11,"Vencida",IF(K11-$B$3<=7,"Por vencer","En plazo"))))))
A12: EJEMPLO | B12: R-0007 | C12: Fase 2 | D12: CWP-2.03-ELE-01 | E12: IWP-2.03-ELE-01-001 | F12: Andamios | G12: Andamio para montaje de bandejas en sala eléctrica | H12: Superintendente / capataz general | I12: (nombre) | J12: 46905 | K12: 46924 | M12: En gestión | N12: =IF(OR(B12="",K12=""),"",IF(M12="Cancelada",0,IF(M12="Liberada",IF(L12="",0,MAX(0,L12-K12)),MAX(0,$B$3-K12)))) | O12: =IF(B12="","",IF(M12="Cancelada","Cancelada",IF(M12="Liberada",IF(N12>0,"Liberada con atraso","Liberada a tiempo"),IF(K12="","Sin fecha requerida",IF($B$3>K12,"Vencida",IF(K12-$B$3<=7,"Por vencer","En plazo"))))))
A13: EJEMPLO | B13: R-0008 | C13: Fase 2 | D13: CWP-2.01-EST-01 | E13: IWP-2.01-EST-01-001 | F13: HSE | G13: Plan de izaje crítico no aprobado | H13: Líder de HSE | I13: (nombre) | J13: 46813 | K13: 46854 | M13: Abierta | N13: =IF(OR(B13="",K13=""),"",IF(M13="Cancelada",0,IF(M13="Liberada",IF(L13="",0,MAX(0,L13-K13)),MAX(0,$B$3-K13)))) | O13: =IF(B13="","",IF(M13="Cancelada","Cancelada",IF(M13="Liberada",IF(N13>0,"Liberada con atraso","Liberada a tiempo"),IF(K13="","Sin fecha requerida",IF($B$3>K13,"Vencida",IF(K13-$B$3<=7,"Por vencer","En plazo"))))))
A14: EJEMPLO | B14: R-0009 | C14: Fase 3 | D14: CWP-3.02-TUB-01 | E14: IWP-3.02-TUB-01-001 | F14: Interfaz entre fases | G14: Parada de la línea de agua de la galería 2.04 para empalme | H14: AWP Champion | I14: (nombre) | J14: 46909 | K14: 47287 | M14: Abierta | N14: =IF(OR(B14="",K14=""),"",IF(M14="Cancelada",0,IF(M14="Liberada",IF(L14="",0,MAX(0,L14-K14)),MAX(0,$B$3-K14)))) | O14: =IF(B14="","",IF(M14="Cancelada","Cancelada",IF(M14="Liberada",IF(N14>0,"Liberada con atraso","Liberada a tiempo"),IF(K14="","Sin fecha requerida",IF($B$3>K14,"Vencida",IF(K14-$B$3<=7,"Por vencer","En plazo")))))) | P14: Coordinar con comisionamiento de la Fase 2.
A15: EJEMPLO | B15: R-0010 | C15: Fase 3 | D15: CWP-3.01-ARQ-01 | E15: IWP-3.01-ARQ-01-001 | F15: Ingeniería | G15: EWP-3.01-ARQ-01 pendiente de emisión IFC | H15: Líder de Ingeniería | I15: (nombre) | J15: 46916 | K15: 47132 | M15: Abierta | N15: =IF(OR(B15="",K15=""),"",IF(M15="Cancelada",0,IF(M15="Liberada",IF(L15="",0,MAX(0,L15-K15)),MAX(0,$B$3-K15)))) | O15: =IF(B15="","",IF(M15="Cancelada","Cancelada",IF(M15="Liberada",IF(N15>0,"Liberada con atraso","Liberada a tiempo"),IF(K15="","Sin fecha requerida",IF($B$3>K15,"Vencida",IF(K15-$B$3<=7,"Por vencer","En plazo"))))))
N16: =IF(OR(B16="",K16=""),"",IF(M16="Cancelada",0,IF(M16="Liberada",IF(L16="",0,MAX(0,L16-K16)),MAX(0,$B$3-K16)))) | O16: =IF(B16="","",IF(M16="Cancelada","Cancelada",IF(M16="Liberada",IF(N16>0,"Liberada con atraso","Liberada a tiempo"),IF(K16="","Sin fecha requerida",IF($B$3>K16,"Vencida",IF(K16-$B$3<=7,"Por vencer","En plazo"))))))
N17: =IF(OR(B17="",K17=""),"",IF(M17="Cancelada",0,IF(M17="Liberada",IF(L17="",0,MAX(0,L17-K17)),MAX(0,$B$3-K17)))) | O17: =IF(B17="","",IF(M17="Cancelada","Cancelada",IF(M17="Liberada",IF(N17>0,"Liberada con atraso","Liberada a tiempo"),IF(K17="","Sin fecha requerida",IF($B$3>K17,"Vencida",IF(K17-$B$3<=7,"Por vencer","En plazo"))))))
N18: =IF(OR(B18="",K18=""),"",IF(M18="Cancelada",0,IF(M18="Liberada",IF(L18="",0,MAX(0,L18-K18)),MAX(0,$B$3-K18)))) | O18: =IF(B18="","",IF(M18="Cancelada","Cancelada",IF(M18="Liberada",IF(N18>0,"Liberada con atraso","Liberada a tiempo"),IF(K18="","Sin fecha requerida",IF($B$3>K18,"Vencida",IF(K18-$B$3<=7,"Por vencer","En plazo"))))))
N19: =IF(OR(B19="",K19=""),"",IF(M19="Cancelada",0,IF(M19="Liberada",IF(L19="",0,MAX(0,L19-K19)),MAX(0,$B$3-K19)))) | O19: =IF(B19="","",IF(M19="Cancelada","Cancelada",IF(M19="Liberada",IF(N19>0,"Liberada con atraso","Liberada a tiempo"),IF(K19="","Sin fecha requerida",IF($B$3>K19,"Vencida",IF(K19-$B$3<=7,"Por vencer","En plazo"))))))
N20: =IF(OR(B20="",K20=""),"",IF(M20="Cancelada",0,IF(M20="Liberada",IF(L20="",0,MAX(0,L20-K20)),MAX(0,$B$3-K20)))) | O20: =IF(B20="","",IF(M20="Cancelada","Cancelada",IF(M20="Liberada",IF(N20>0,"Liberada con atraso","Liberada a tiempo"),IF(K20="","Sin fecha requerida",IF($B$3>K20,"Vencida",IF(K20-$B$3<=7,"Por vencer","En plazo"))))))
N21: =IF(OR(B21="",K21=""),"",IF(M21="Cancelada",0,IF(M21="Liberada",IF(L21="",0,MAX(0,L21-K21)),MAX(0,$B$3-K21)))) | O21: =IF(B21="","",IF(M21="Cancelada","Cancelada",IF(M21="Liberada",IF(N21>0,"Liberada con atraso","Liberada a tiempo"),IF(K21="","Sin fecha requerida",IF($B$3>K21,"Vencida",IF(K21-$B$3<=7,"Por vencer","En plazo"))))))
N22: =IF(OR(B22="",K22=""),"",IF(M22="Cancelada",0,IF(M22="Liberada",IF(L22="",0,MAX(0,L22-K22)),MAX(0,$B$3-K22)))) | O22: =IF(B22="","",IF(M22="Cancelada","Cancelada",IF(M22="Liberada",IF(N22>0,"Liberada con atraso","Liberada a tiempo"),IF(K22="","Sin fecha requerida",IF($B$3>K22,"Vencida",IF(K22-$B$3<=7,"Por vencer","En plazo"))))))
N23: =IF(OR(B23="",K23=""),"",IF(M23="Cancelada",0,IF(M23="Liberada",IF(L23="",0,MAX(0,L23-K23)),MAX(0,$B$3-K23)))) | O23: =IF(B23="","",IF(M23="Cancelada","Cancelada",IF(M23="Liberada",IF(N23>0,"Liberada con atraso","Liberada a tiempo"),IF(K23="","Sin fecha requerida",IF($B$3>K23,"Vencida",IF(K23-$B$3<=7,"Por vencer","En plazo"))))))
N24: =IF(OR(B24="",K24=""),"",IF(M24="Cancelada",0,IF(M24="Liberada",IF(L24="",0,MAX(0,L24-K24)),MAX(0,$B$3-K24)))) | O24: =IF(B24="","",IF(M24="Cancelada","Cancelada",IF(M24="Liberada",IF(N24>0,"Liberada con atraso","Liberada a tiempo"),IF(K24="","Sin fecha requerida",IF($B$3>K24,"Vencida",IF(K24-$B$3<=7,"Por vencer","En plazo"))))))
N25: =IF(OR(B25="",K25=""),"",IF(M25="Cancelada",0,IF(M25="Liberada",IF(L25="",0,MAX(0,L25-K25)),MAX(0,$B$3-K25)))) | O25: =IF(B25="","",IF(M25="Cancelada","Cancelada",IF(M25="Liberada",IF(N25>0,"Liberada con atraso","Liberada a tiempo"),IF(K25="","Sin fecha requerida",IF($B$3>K25,"Vencida",IF(K25-$B$3<=7,"Por vencer","En plazo"))))))
N26: =IF(OR(B26="",K26=""),"",IF(M26="Cancelada",0,IF(M26="Liberada",IF(L26="",0,MAX(0,L26-K26)),MAX(0,$B$3-K26)))) | O26: =IF(B26="","",IF(M26="Cancelada","Cancelada",IF(M26="Liberada",IF(N26>0,"Liberada con atraso","Liberada a tiempo"),IF(K26="","Sin fecha requerida",IF($B$3>K26,"Vencida",IF(K26-$B$3<=7,"Por vencer","En plazo"))))))
N27: =IF(OR(B27="",K27=""),"",IF(M27="Cancelada",0,IF(M27="Liberada",IF(L27="",0,MAX(0,L27-K27)),MAX(0,$B$3-K27)))) | O27: =IF(B27="","",IF(M27="Cancelada","Cancelada",IF(M27="Liberada",IF(N27>0,"Liberada con atraso","Liberada a tiempo"),IF(K27="","Sin fecha requerida",IF($B$3>K27,"Vencida",IF(K27-$B$3<=7,"Por vencer","En plazo"))))))
... N305: =IF(OR(B305="",K305=""),"",IF(M305="Cancelada",0,IF(M305="Liberada",IF(L305="",0,MAX(0,L305-K305)),MAX(0,$B$3-K305)))) | O305: =IF(B305="","",IF(M305="Cancelada","Cancelada",IF(M305="Liberada",IF(N305>0,"Liberada con atraso","Liberada a tiempo"),IF(K305="","Sin fecha requerida",IF($B$3>K305,"Vencida",IF(K305-$B$3<=7,"Por vencer","En plazo"))))))

Sheet Resumen
A1: Resumen de restricciones
A2: Proyecto Tipo (PT) – Complejo de instalaciones en tres fases. Se calcula automáticamente a partir de la hoja «Registro».
A4: Por fase del proyecto
B5: Abierta | C5: En gestión | D5: Liberada | E5: Cancelada | F5: Total | G5: Vencidas | H5: Por vencer (≤ 7 días) | I5: Atraso promedio de vencidas (días) | J5: % liberadas a tiempo
A6: Fase 1 | B6: =COUNTIFS(Registro!$C$6:$C$305,$A6,Registro!$M$6:$M$305,"Abierta") | C6: =COUNTIFS(Registro!$C$6:$C$305,$A6,Registro!$M$6:$M$305,"En gestión") | D6: =COUNTIFS(Registro!$C$6:$C$305,$A6,Registro!$M$6:$M$305,"Liberada") | E6: =COUNTIFS(Registro!$C$6:$C$305,$A6,Registro!$M$6:$M$305,"Cancelada") | F6: =COUNTIFS(Registro!$C$6:$C$305,$A6,Registro!$B$6:$B$305,"<>") | G6: =COUNTIFS(Registro!$C$6:$C$305,$A6,Registro!$O$6:$O$305,"Vencida") | H6: =COUNTIFS(Registro!$C$6:$C$305,$A6,Registro!$O$6:$O$305,"Por vencer") | I6: =IFERROR(AVERAGEIFS(Registro!$N$6:$N$305,Registro!$C$6:$C$305,$A6,Registro!$O$6:$O$305,"Vencida"),0) | J6: =IFERROR(COUNTIFS(Registro!$C$6:$C$305,$A6,Registro!$O$6:$O$305,"Liberada a tiempo")/COUNTIFS(Registro!$C$6:$C$305,$A6,Registro!$M$6:$M$305,"Liberada"),"")
A7: Fase 2 | B7: =COUNTIFS(Registro!$C$6:$C$305,$A7,Registro!$M$6:$M$305,"Abierta") | C7: =COUNTIFS(Registro!$C$6:$C$305,$A7,Registro!$M$6:$M$305,"En gestión") | D7: =COUNTIFS(Registro!$C$6:$C$305,$A7,Registro!$M$6:$M$305,"Liberada") | E7: =COUNTIFS(Registro!$C$6:$C$305,$A7,Registro!$M$6:$M$305,"Cancelada") | F7: =COUNTIFS(Registro!$C$6:$C$305,$A7,Registro!$B$6:$B$305,"<>") | G7: =COUNTIFS(Registro!$C$6:$C$305,$A7,Registro!$O$6:$O$305,"Vencida") | H7: =COUNTIFS(Registro!$C$6:$C$305,$A7,Registro!$O$6:$O$305,"Por vencer") | I7: =IFERROR(AVERAGEIFS(Registro!$N$6:$N$305,Registro!$C$6:$C$305,$A7,Registro!$O$6:$O$305,"Vencida"),0) | J7: =IFERROR(COUNTIFS(Registro!$C$6:$C$305,$A7,Registro!$O$6:$O$305,"Liberada a tiempo")/COUNTIFS(Registro!$C$6:$C$305,$A7,Registro!$M$6:$M$305,"Liberada"),"")
A8: Fase 3 | B8: =COUNTIFS(Registro!$C$6:$C$305,$A8,Registro!$M$6:$M$305,"Abierta") | C8: =COUNTIFS(Registro!$C$6:$C$305,$A8,Registro!$M$6:$M$305,"En gestión") | D8: =COUNTIFS(Registro!$C$6:$C$305,$A8,Registro!$M$6:$M$305,"Liberada") | E8: =COUNTIFS(Registro!$C$6:$C$305,$A8,Registro!$M$6:$M$305,"Cancelada") | F8: =COUNTIFS(Registro!$C$6:$C$305,$A8,Registro!$B$6:$B$305,"<>") | G8: =COUNTIFS(Registro!$C$6:$C$305,$A8,Registro!$O$6:$O$305,"Vencida") | H8: =COUNTIFS(Registro!$C$6:$C$305,$A8,Registro!$O$6:$O$305,"Por vencer") | I8: =IFERROR(AVERAGEIFS(Registro!$N$6:$N$305,Registro!$C$6:$C$305,$A8,Registro!$O$6:$O$305,"Vencida"),0) | J8: =IFERROR(COUNTIFS(Registro!$C$6:$C$305,$A8,Registro!$O$6:$O$305,"Liberada a tiempo")/COUNTIFS(Registro!$C$6:$C$305,$A8,Registro!$M$6:$M$305,"Liberada"),"")
A11: Por tipo de restricción
B12: Abiertas + en gestión | C12: Vencidas | D12: Liberadas | E12: Fase 1 | F12: Fase 2 | G12: Fase 3
A13: Ingeniería | B13: =COUNTIFS(Registro!$F$6:$F$305,$A13,Registro!$M$6:$M$305,"Abierta")+COUNTIFS(Registro!$F$6:$F$305,$A13,Registro!$M$6:$M$305,"En gestión") | C13: =COUNTIFS(Registro!$F$6:$F$305,$A13,Registro!$O$6:$O$305,"Vencida") | D13: =COUNTIFS(Registro!$F$6:$F$305,$A13,Registro!$M$6:$M$305,"Liberada") | E13: =COUNTIFS(Registro!$F$6:$F$305,$A13,Registro!$C$6:$C$305,"Fase 1") | F13: =COUNTIFS(Registro!$F$6:$F$305,$A13,Registro!$C$6:$C$305,"Fase 2") | G13: =COUNTIFS(Registro!$F$6:$F$305,$A13,Registro!$C$6:$C$305,"Fase 3")
A14: Materiales | B14: =COUNTIFS(Registro!$F$6:$F$305,$A14,Registro!$M$6:$M$305,"Abierta")+COUNTIFS(Registro!$F$6:$F$305,$A14,Registro!$M$6:$M$305,"En gestión") | C14: =COUNTIFS(Registro!$F$6:$F$305,$A14,Registro!$O$6:$O$305,"Vencida") | D14: =COUNTIFS(Registro!$F$6:$F$305,$A14,Registro!$M$6:$M$305,"Liberada") | E14: =COUNTIFS(Registro!$F$6:$F$305,$A14,Registro!$C$6:$C$305,"Fase 1") | F14: =COUNTIFS(Registro!$F$6:$F$305,$A14,Registro!$C$6:$C$305,"Fase 2") | G14: =COUNTIFS(Registro!$F$6:$F$305,$A14,Registro!$C$6:$C$305,"Fase 3")
A15: Equipos de construcción | B15: =COUNTIFS(Registro!$F$6:$F$305,$A15,Registro!$M$6:$M$305,"Abierta")+COUNTIFS(Registro!$F$6:$F$305,$A15,Registro!$M$6:$M$305,"En gestión") | C15: =COUNTIFS(Registro!$F$6:$F$305,$A15,Registro!$O$6:$O$305,"Vencida") | D15: =COUNTIFS(Registro!$F$6:$F$305,$A15,Registro!$M$6:$M$305,"Liberada") | E15: =COUNTIFS(Registro!$F$6:$F$305,$A15,Registro!$C$6:$C$305,"Fase 1") | F15: =COUNTIFS(Registro!$F$6:$F$305,$A15,Registro!$C$6:$C$305,"Fase 2") | G15: =COUNTIFS(Registro!$F$6:$F$305,$A15,Registro!$C$6:$C$305,"Fase 3")
A16: Permisos | B16: =COUNTIFS(Registro!$F$6:$F$305,$A16,Registro!$M$6:$M$305,"Abierta")+COUNTIFS(Registro!$F$6:$F$305,$A16,Registro!$M$6:$M$305,"En gestión") | C16: =COUNTIFS(Registro!$F$6:$F$305,$A16,Registro!$O$6:$O$305,"Vencida") | D16: =COUNTIFS(Registro!$F$6:$F$305,$A16,Registro!$M$6:$M$305,"Liberada") | E16: =COUNTIFS(Registro!$F$6:$F$305,$A16,Registro!$C$6:$C$305,"Fase 1") | F16: =COUNTIFS(Registro!$F$6:$F$305,$A16,Registro!$C$6:$C$305,"Fase 2") | G16: =COUNTIFS(Registro!$F$6:$F$305,$A16,Registro!$C$6:$C$305,"Fase 3")
A17: Mano de obra | B17: =COUNTIFS(Registro!$F$6:$F$305,$A17,Registro!$M$6:$M$305,"Abierta")+COUNTIFS(Registro!$F$6:$F$305,$A17,Registro!$M$6:$M$305,"En gestión") | C17: =COUNTIFS(Registro!$F$6:$F$305,$A17,Registro!$O$6:$O$305,"Vencida") | D17: =COUNTIFS(Registro!$F$6:$F$305,$A17,Registro!$M$6:$M$305,"Liberada") | E17: =COUNTIFS(Registro!$F$6:$F$305,$A17,Registro!$C$6:$C$305,"Fase 1") | F17: =COUNTIFS(Registro!$F$6:$F$305,$A17,Registro!$C$6:$C$305,"Fase 2") | G17: =COUNTIFS(Registro!$F$6:$F$305,$A17,Registro!$C$6:$C$305,"Fase 3")
A18: Andamios | B18: =COUNTIFS(Registro!$F$6:$F$305,$A18,Registro!$M$6:$M$305,"Abierta")+COUNTIFS(Registro!$F$6:$F$305,$A18,Registro!$M$6:$M$305,"En gestión") | C18: =COUNTIFS(Registro!$F$6:$F$305,$A18,Registro!$O$6:$O$305,"Vencida") | D18: =COUNTIFS(Registro!$F$6:$F$305,$A18,Registro!$M$6:$M$305,"Liberada") | E18: =COUNTIFS(Registro!$F$6:$F$305,$A18,Registro!$C$6:$C$305,"Fase 1") | F18: =COUNTIFS(Registro!$F$6:$F$305,$A18,Registro!$C$6:$C$305,"Fase 2") | G18: =COUNTIFS(Registro!$F$6:$F$305,$A18,Registro!$C$6:$C$305,"Fase 3")
A19: Acceso / interferencias | B19: =COUNTIFS(Registro!$F$6:$F$305,$A19,Registro!$M$6:$M$305,"Abierta")+COUNTIFS(Registro!$F$6:$F$305,$A19,Registro!$M$6:$M$305,"En gestión") | C19: =COUNTIFS(Registro!$F$6:$F$305,$A19,Registro!$O$6:$O$305,"Vencida") | D19: =COUNTIFS(Registro!$F$6:$F$305,$A19,Registro!$M$6:$M$305,"Liberada") | E19: =COUNTIFS(Registro!$F$6:$F$305,$A19,Registro!$C$6:$C$305,"Fase 1") | F19: =COUNTIFS(Registro!$F$6:$F$305,$A19,Registro!$C$6:$C$305,"Fase 2") | G19: =COUNTIFS(Registro!$F$6:$F$305,$A19,Registro!$C$6:$C$305,"Fase 3")
A20: Trabajos predecesores | B20: =COUNTIFS(Registro!$F$6:$F$305,$A20,Registro!$M$6:$M$305,"Abierta")+COUNTIFS(Registro!$F$6:$F$305,$A20,Registro!$M$6:$M$305,"En gestión") | C20: =COUNTIFS(Registro!$F$6:$F$305,$A20,Registro!$O$6:$O$305,"Vencida") | D20: =COUNTIFS(Registro!$F$6:$F$305,$A20,Registro!$M$6:$M$305,"Liberada") | E20: =COUNTIFS(Registro!$F$6:$F$305,$A20,Registro!$C$6:$C$305,"Fase 1") | F20: =COUNTIFS(Registro!$F$6:$F$305,$A20,Registro!$C$6:$C$305,"Fase 2") | G20: =COUNTIFS(Registro!$F$6:$F$305,$A20,Registro!$C$6:$C$305,"Fase 3")
A21: Calidad | B21: =COUNTIFS(Registro!$F$6:$F$305,$A21,Registro!$M$6:$M$305,"Abierta")+COUNTIFS(Registro!$F$6:$F$305,$A21,Registro!$M$6:$M$305,"En gestión") | C21: =COUNTIFS(Registro!$F$6:$F$305,$A21,Registro!$O$6:$O$305,"Vencida") | D21: =COUNTIFS(Registro!$F$6:$F$305,$A21,Registro!$M$6:$M$305,"Liberada") | E21: =COUNTIFS(Registro!$F$6:$F$305,$A21,Registro!$C$6:$C$305,"Fase 1") | F21: =COUNTIFS(Registro!$F$6:$F$305,$A21,Registro!$C$6:$C$305,"Fase 2") | G21: =COUNTIFS(Registro!$F$6:$F$305,$A21,Registro!$C$6:$C$305,"Fase 3")
A22: HSE | B22: =COUNTIFS(Registro!$F$6:$F$305,$A22,Registro!$M$6:$M$305,"Abierta")+COUNTIFS(Registro!$F$6:$F$305,$A22,Registro!$M$6:$M$305,"En gestión") | C22: =COUNTIFS(Registro!$F$6:$F$305,$A22,Registro!$O$6:$O$305,"Vencida") | D22: =COUNTIFS(Registro!$F$6:$F$305,$A22,Registro!$M$6:$M$305,"Liberada") | E22: =COUNTIFS(Registro!$F$6:$F$305,$A22,Registro!$C$6:$C$305,"Fase 1") | F22: =COUNTIFS(Registro!$F$6:$F$305,$A22,Registro!$C$6:$C$305,"Fase 2") | G22: =COUNTIFS(Registro!$F$6:$F$305,$A22,Registro!$C$6:$C$305,"Fase 3")
A23: Documentación del proveedor | B23: =COUNTIFS(Registro!$F$6:$F$305,$A23,Registro!$M$6:$M$305,"Abierta")+COUNTIFS(Registro!$F$6:$F$305,$A23,Registro!$M$6:$M$305,"En gestión") | C23: =COUNTIFS(Registro!$F$6:$F$305,$A23,Registro!$O$6:$O$305,"Vencida") | D23: =COUNTIFS(Registro!$F$6:$F$305,$A23,Registro!$M$6:$M$305,"Liberada") | E23: =COUNTIFS(Registro!$F$6:$F$305,$A23,Registro!$C$6:$C$305,"Fase 1") | F23: =COUNTIFS(Registro!$F$6:$F$305,$A23,Registro!$C$6:$C$305,"Fase 2") | G23: =COUNTIFS(Registro!$F$6:$F$305,$A23,Registro!$C$6:$C$305,"Fase 3")
A24: Interfaz entre fases | B24: =COUNTIFS(Registro!$F$6:$F$305,$A24,Registro!$M$6:$M$305,"Abierta")+COUNTIFS(Registro!$F$6:$F$305,$A24,Registro!$M$6:$M$305,"En gestión") | C24: =COUNTIFS(Registro!$F$6:$F$305,$A24,Registro!$O$6:$O$305,"Vencida") | D24: =COUNTIFS(Registro!$F$6:$F$305,$A24,Registro!$M$6:$M$305,"Liberada") | E24: =COUNTIFS(Registro!$F$6:$F$305,$A24,Registro!$C$6:$C$305,"Fase 1") | F24: =COUNTIFS(Registro!$F$6:$F$305,$A24,Registro!$C$6:$C$305,"Fase 2") | G24: =COUNTIFS(Registro!$F$6:$F$305,$A24,Registro!$C$6:$C$305,"Fase 3")

Sheet Listas
A1: Valores de las listas desplegables. Puede ampliarlas agregando valores al final de cada columna y ajustando el rango con nombre (Fórmulas > Administrador de nombres).
A2: Fases | B2: TiposRestriccion | C2: EstadosRestriccion | D2: Roles
A3: Fase 1 | B3: Ingeniería | C3: Abierta | D3: Gerente del proyecto del cliente
A4: Fase 2 | B4: Materiales | C4: En gestión | D4: Gerente de Proyecto
A5: Fase 3 | B5: Equipos de construcción | C5: Liberada | D5: AWP Champion
B6: Permisos | C6: Cancelada | D6: Líder de WFP
B7: Mano de obra | D7: Planificador de frente de trabajo
B8: Andamios | D8: Líder de Ingeniería
B9: Acceso / interferencias | D9: Líder de Procura
B10: Trabajos predecesores | D10: Gestor de materiales
B11: Calidad | D11: Gerente de Construcción
B12: HSE | D12: Superintendente / capataz general
B13: Documentación del proveedor | D13: Controles del proyecto
B14: Interfaz entre fases | D14: Coordinador de gestión de información
D15: Líder de HSE
D16: Líder de calidad (QA/QC)
D17: Líder de comisionamiento
D18: Subcontratista de especialidad
