Workbook
Name FasesExt: Listas!$A$3:$A$8
Name Etapas: Listas!$B$3:$B$7
Name Roles: Listas!$C$3:$C$18
Name CategoriasRiesgo: Listas!$D$3:$D$9
Name EstadosRiesgo: Listas!$E$3:$E$6
Name Niveles: Listas!$F$3:$F$7

Sheet Instrucciones
A1: Registro de riesgos de implementación AWP
A2: Kit de implementación AWP · Proyecto Tipo (PT) – Complejo de instalaciones en tres fases
A4: Propósito | B4: Identificar, valorar y dar seguimiento a los riesgos de implementar AWP (no a los riesgos técnicos del proyecto), con su mitigación y responsable.
A5: Por qué se incluye | B5: El plan de implementación identifica riesgos propios de AWP (patrocinio, planificadores, secuencia de ingeniería, interfaces entre fases) que requieren seguimiento formal durante las tres fases.
A6: Cuándo se usa | B6: Se elabora en la planificación temprana global y se revisa en el Comité AWP mensual y al inicio de cada fase del proyecto.
A7: Quién la llena | B7: El AWP Champion mantiene el registro; cada responsable actualiza el estado de sus riesgos.
A8: Cómo llenarla | B8: 1. Borre las filas amarillas de ejemplo o ajústelas a su proyecto. 2. Describa el riesgo, su causa y su consecuencia. 3. Valore probabilidad e impacto de 1 a 5 (ver escala en la sección «Riesgos de implementación» del plan). 4. Defina la mitigación, el responsable y la fecha de revisión. 5. Después de mitigar, valore el riesgo residual. 6. Revise el «Mapa de calor» en el Comité AWP.
A9: Colores | B9: Amarillo: fila de ejemplo (bórrela o reemplácela). Encabezado azul oscuro: dato que se ingresa. Encabezado azul medio y celda gris: columna calculada con fórmula (no la sobrescriba). Rojo: vencido o fuera de meta. Ámbar: por vencer o cerca del límite. Verde: cumplido.
A10: Impresión | B10: Cada hoja está configurada en A4, ajustada al ancho de la página, con el encabezado repetido en cada página. El área de impresión de las hojas de datos cubre las primeras 50 filas: si usa más, amplíela en Diseño de página > Área de impresión.
A12: Columnas de la hoja «Riesgos»
A13: Columna | B13: Significado | C13: Tipo de dato
A14: Ejemplo | B14: Contiene «EJEMPLO» en las filas de ejemplo. Déjela vacía en las filas reales. | C14: Manual
A15: ID | B15: Identificador del riesgo (R01, R02…). | C15: Manual
A16: Fase del proyecto | B16: Fase o fases del proyecto afectadas. | C16: Lista
A17: Etapa del ciclo de vida | B17: Etapa en que el riesgo se origina o se gestiona. | C17: Lista
A18: Categoría | B18: Categoría del riesgo de implementación. | C18: Lista
A19: Descripción del riesgo | B19: Evento incierto que afectaría la implementación de AWP. | C19: Manual
A20: Causa | B20: Por qué podría ocurrir. | C20: Manual
A21: Consecuencia | B21: Qué pasaría si ocurre. | C21: Manual
A22: Probabilidad (1-5) | B22: 1 muy baja (< 10 %) … 5 muy alta (> 70 %). | C22: Lista
A23: Impacto (1-5) | B23: 1 sin efecto visible en los KPI … 5 abandono de AWP o impacto en la ruta crítica. | C23: Lista
A24: Nivel (P×I) | B24: Calculado: probabilidad × impacto. | C24: Calculado
... A34: Observaciones | B34: Comentarios. | C34: Manual

Sheet Riesgos
A1: Registro de riesgos de implementación AWP
A2: Proyecto Tipo (PT) – Complejo de instalaciones en tres fases. Las filas en amarillo marcadas «EJEMPLO» son de ejemplo: bórrelas o reemplácelas.
A5: Ejemplo | B5: ID | C5: Fase del proyecto | D5: Etapa del ciclo de vida | E5: Categoría | F5: Descripción del riesgo | G5: Causa | H5: Consecuencia | I5: Probabilidad (1-5) | J5: Impacto (1-5) | K5: Nivel (P×I) | L5: Clasificación | M5: Mitigación | N5: Responsable (rol) | O5: Próxima revisión | P5: Estado | Q5: P residual | R5: I residual | S5: Nivel residual | T5: Clasificación residual | U5: Observaciones
A6: EJEMPLO | B6: R01 | C6: Todas las fases | D6: Planificación temprana (FEL) | E6: Organización y liderazgo | F6: Falta de patrocinio del cliente y de la gerencia; AWP percibido como «papeleo adicional». | G6: Beneficios de AWP no comunicados; presión por avance inmediato. | H6: Abandono parcial del proceso; KPI sin seguimiento. | I6: 3 | J6: 5 | K6: =IF(OR(I6="",J6=""),"",I6*J6) | L6: =IF(K6="","",IF(K6>=12,"Alto",IF(K6>=6,"Medio","Bajo"))) | M6: Plan firmado por el cliente; Comité AWP mensual con KPI; comunicar resultados tempranos de la Fase 1. | N6: Gerente del proyecto del cliente | O6: 46935 | P6: En tratamiento | Q6: 2 | R6: 4 | S6: =IF(OR(Q6="",R6=""),"",Q6*R6) | T6: =IF(S6="","",IF(S6>=12,"Alto",IF(S6>=6,"Medio","Bajo")))
A7: EJEMPLO | B7: R02 | C7: Fase 2 | D7: Ingeniería | E7: Procesos | F7: Ingeniería no entrega EWP en la secuencia del PoC. | G7: Planificación de ingeniería por disciplina y no por CWP. | H7: CWP sin planos IFC; backlog insuficiente. | I7: 4 | J7: 4 | K7: =IF(OR(I7="",J7=""),"",I7*J7) | L7: =IF(K7="","",IF(K7>=12,"Alto",IF(K7>=6,"Medio","Bajo"))) | M7: Fechas de EWP derivadas del PoC en el contrato; KPI K01; revisión quincenal del plan de liberación. | N7: Líder de Ingeniería | O7: 46935 | P7: En tratamiento | Q7: 3 | R7: 3 | S7: =IF(OR(Q7="",R7=""),"",Q7*R7) | T7: =IF(S7="","",IF(S7>=12,"Alto",IF(S7>=6,"Medio","Bajo")))
A8: EJEMPLO | B8: R03 | C8: Fase 2 | D8: Construcción | E8: Personas y competencias | F8: Falta de planificadores de frente de trabajo con experiencia (y rotación de roles clave). | G8: Mercado laboral competido; perfil poco conocido. | H8: IWP de baja calidad; restricciones no detectadas. | I8: 4 | J8: 4 | K8: =IF(OR(I8="",J8=""),"",I8*J8) | L8: =IF(K8="","",IF(K8>=12,"Alto",IF(K8>=6,"Medio","Bajo"))) | M8: Formar planificadores en la Fase 1 y transferirlos; reclutamiento anticipado; formación de 40 h; suplentes para Champion y Líder de WFP. | N8: AWP Champion | O8: 46935 | P8: En tratamiento | Q8: 2 | R8: 3 | S8: =IF(OR(Q8="",R8=""),"",Q8*R8) | T8: =IF(S8="","",IF(S8>=12,"Alto",IF(S8>=6,"Medio","Bajo")))
A9: EJEMPLO | B9: R04 | C9: Fases 1 y 2 | D9: Procura | E9: Herramientas e información | F9: Procura no sigue los materiales por CWP/IWP. | G9: Órdenes de compra sin código de CWP. | H9: No se sabe qué IWP tiene material completo. | I9: 3 | J9: 4 | K9: =IF(OR(I9="",J9=""),"",I9*J9) | L9: =IF(K9="","",IF(K9>=12,"Alto",IF(K9>=6,"Medio","Bajo"))) | M9: PWP por CWP; código de CWP en órdenes de compra y almacén; reporte semanal de disponibilidad. | N9: Líder de Procura | O9: 46935 | P9: En tratamiento | Q9: 2 | R9: 3 | S9: =IF(OR(Q9="",R9=""),"",Q9*R9) | T9: =IF(S9="","",IF(S9>=12,"Alto",IF(S9>=6,"Medio","Bajo")))
A10: EJEMPLO | B10: R05 | C10: Fases 2 y 3 | D10: Planificación temprana (FEL) | E10: Contratos | F10: Subcontratistas sin conocimiento ni obligación contractual de AWP. | G10: Requisitos AWP no incluidos en los subcontratos. | H10: Frentes fuera del proceso; datos incompletos. | I10: 3 | J10: 4 | K10: =IF(OR(I10="",J10=""),"",I10*J10) | L10: =IF(K10="","",IF(K10>=12,"Alto",IF(K10>=6,"Medio","Bajo"))) | M10: Cláusulas AWP en subcontratos; formación de inicio; planificadores del subcontratista integrados. | N10: Gerente de Proyecto | O10: 46935 | P10: Abierto | Q10: 2 | R10: 3 | S10: =IF(OR(Q10="",R10=""),"",Q10*R10) | T10: =IF(S10="","",IF(S10>=12,"Alto",IF(S10>=6,"Medio","Bajo")))
A11: EJEMPLO | B11: R06 | C11: Todas las fases | D11: Construcción | E11: Procesos | F11: Se liberan IWP con restricciones abiertas por presión de avance. | G11: Backlog corto y metas de avance semanales. | H11: IWP devueltos; tiempo improductivo. | I11: 3 | J11: 4 | K11: =IF(OR(I11="",J11=""),"",I11*J11) | L11: =IF(K11="","",IF(K11>=12,"Alto",IF(K11>=6,"Medio","Bajo"))) | M11: Checklist de liberación obligatorio; KPI K03; auditorías. | N11: Líder de WFP | O11: 46935 | P11: En tratamiento | Q11: 2 | R11: 3 | S11: =IF(OR(Q11="",R11=""),"",Q11*R11) | T11: =IF(S11="","",IF(S11>=12,"Alto",IF(S11>=6,"Medio","Bajo")))
A12: EJEMPLO | B12: R07 | C12: Fase 2 | D12: Planificación temprana (FEL) | E12: Herramientas e información | F12: Herramientas y datos desintegrados (modelo 3D, cronograma y materiales). | G12: Sistemas de distintos proveedores sin codificación común. | H12: Retrabajo manual; errores en IWP. | I12: 3 | J12: 3 | K12: =IF(OR(I12="",J12=""),"",I12*J12) | L12: =IF(K12="","",IF(K12>=12,"Alto",IF(K12>=6,"Medio","Bajo"))) | M12: Coordinador de IM desde FEL; codificación única; integración probada antes de la construcción. | N12: Coordinador de gestión de información | O12: 46935 | P12: En tratamiento | Q12: 2 | R12: 2 | S12: =IF(OR(Q12="",R12=""),"",Q12*R12) | T12: =IF(S12="","",IF(S12>=12,"Alto",IF(S12>=6,"Medio","Bajo")))
A13: EJEMPLO | B13: R08 | C13: Fase 2 | D13: Construcción | E13: Procesos | F13: Backlog insuficiente por avance de ingeniería o procura por detrás del PoC. | G13: Atrasos de EWP y PWP. | H13: Cuadrillas sin trabajo liberado; baja productividad. | I13: 3 | J13: 4 | K13: =IF(OR(I13="",J13=""),"",I13*J13) | L13: =IF(K13="","",IF(K13>=12,"Alto",IF(K13>=6,"Medio","Bajo"))) | M13: Seguimiento del backlog proyectado a 8 semanas; alertas tempranas; trabajo de «plan B». | N13: Gerente de Construcción | O13: 46935 | P13: Materializado | Q13: 3 | R13: 3 | S13: =IF(OR(Q13="",R13=""),"",Q13*R13) | T13: =IF(S13="","",IF(S13>=12,"Alto",IF(S13>=6,"Medio","Bajo")))
A14: EJEMPLO | B14: R09 | C14: Fases 2 y 3 | D14: Construcción | E14: Interfaces entre fases | F14: Conflictos de recursos e interfaces entre fases superpuestas. | G14: Grúas, accesos y almacenes compartidos. | H14: Interferencias y demoras en ambas fases. | I14: 4 | J14: 3 | K14: =IF(OR(I14="",J14=""),"",I14*J14) | L14: =IF(K14="","",IF(K14>=12,"Alto",IF(K14>=6,"Medio","Bajo"))) | M14: Registro único de restricciones; lookahead conjunto; tablero de recursos compartidos. | N14: Gerente de Construcción | O14: 46935 | P14: Abierto | Q14: 2 | R14: 3 | S14: =IF(OR(Q14="",R14=""),"",Q14*R14) | T14: =IF(S14="","",IF(S14>=12,"Alto",IF(S14>=6,"Medio","Bajo")))
A15: EJEMPLO | B15: R10 | C15: Fases 1 y 2 | D15: Comisionamiento | E15: Medición | F15: Lecciones de la Fase 1 no se aplican en la Fase 2. | G15: Falta de tiempo y de responsable de cada lección. | H15: Se repiten errores; KPI no mejoran entre fases. | I15: 3 | J15: 3 | K15: =IF(OR(I15="",J15=""),"",I15*J15) | L15: =IF(K15="","",IF(K15>=12,"Alto",IF(K15>=6,"Medio","Bajo"))) | M15: Puerta de control con revisión de lecciones; cada lección con responsable y fecha; KPI con fórmulas únicas. | N15: AWP Champion | O15: 46935 | P15: Cerrado | Q15: 1 | R15: 3 | S15: =IF(OR(Q15="",R15=""),"",Q15*R15) | T15: =IF(S15="","",IF(S15>=12,"Alto",IF(S15>=6,"Medio","Bajo")))
K16: =IF(OR(I16="",J16=""),"",I16*J16) | L16: =IF(K16="","",IF(K16>=12,"Alto",IF(K16>=6,"Medio","Bajo"))) | S16: =IF(OR(Q16="",R16=""),"",Q16*R16) | T16: =IF(S16="","",IF(S16>=12,"Alto",IF(S16>=6,"Medio","Bajo")))
K17: =IF(OR(I17="",J17=""),"",I17*J17) | L17: =IF(K17="","",IF(K17>=12,"Alto",IF(K17>=6,"Medio","Bajo"))) | S17: =IF(OR(Q17="",R17=""),"",Q17*R17) | T17: =IF(S17="","",IF(S17>=12,"Alto",IF(S17>=6,"Medio","Bajo")))
K18: =IF(OR(I18="",J18=""),"",I18*J18) | L18: =IF(K18="","",IF(K18>=12,"Alto",IF(K18>=6,"Medio","Bajo"))) | S18: =IF(OR(Q18="",R18=""),"",Q18*R18) | T18: =IF(S18="","",IF(S18>=12,"Alto",IF(S18>=6,"Medio","Bajo")))
K19: =IF(OR(I19="",J19=""),"",I19*J19) | L19: =IF(K19="","",IF(K19>=12,"Alto",IF(K19>=6,"Medio","Bajo"))) | S19: =IF(OR(Q19="",R19=""),"",Q19*R19) | T19: =IF(S19="","",IF(S19>=12,"Alto",IF(S19>=6,"Medio","Bajo")))
K20: =IF(OR(I20="",J20=""),"",I20*J20) | L20: =IF(K20="","",IF(K20>=12,"Alto",IF(K20>=6,"Medio","Bajo"))) | S20: =IF(OR(Q20="",R20=""),"",Q20*R20) | T20: =IF(S20="","",IF(S20>=12,"Alto",IF(S20>=6,"Medio","Bajo")))
K21: =IF(OR(I21="",J21=""),"",I21*J21) | L21: =IF(K21="","",IF(K21>=12,"Alto",IF(K21>=6,"Medio","Bajo"))) | S21: =IF(OR(Q21="",R21=""),"",Q21*R21) | T21: =IF(S21="","",IF(S21>=12,"Alto",IF(S21>=6,"Medio","Bajo")))
K22: =IF(OR(I22="",J22=""),"",I22*J22) | L22: =IF(K22="","",IF(K22>=12,"Alto",IF(K22>=6,"Medio","Bajo"))) | S22: =IF(OR(Q22="",R22=""),"",Q22*R22) | T22: =IF(S22="","",IF(S22>=12,"Alto",IF(S22>=6,"Medio","Bajo")))
K23: =IF(OR(I23="",J23=""),"",I23*J23) | L23: =IF(K23="","",IF(K23>=12,"Alto",IF(K23>=6,"Medio","Bajo"))) | S23: =IF(OR(Q23="",R23=""),"",Q23*R23) | T23: =IF(S23="","",IF(S23>=12,"Alto",IF(S23>=6,"Medio","Bajo")))
K24: =IF(OR(I24="",J24=""),"",I24*J24) | L24: =IF(K24="","",IF(K24>=12,"Alto",IF(K24>=6,"Medio","Bajo"))) | S24: =IF(OR(Q24="",R24=""),"",Q24*R24) | T24: =IF(S24="","",IF(S24>=12,"Alto",IF(S24>=6,"Medio","Bajo")))
K25: =IF(OR(I25="",J25=""),"",I25*J25) | L25: =IF(K25="","",IF(K25>=12,"Alto",IF(K25>=6,"Medio","Bajo"))) | S25: =IF(OR(Q25="",R25=""),"",Q25*R25) | T25: =IF(S25="","",IF(S25>=12,"Alto",IF(S25>=6,"Medio","Bajo")))
K26: =IF(OR(I26="",J26=""),"",I26*J26) | L26: =IF(K26="","",IF(K26>=12,"Alto",IF(K26>=6,"Medio","Bajo"))) | S26: =IF(OR(Q26="",R26=""),"",Q26*R26) | T26: =IF(S26="","",IF(S26>=12,"Alto",IF(S26>=6,"Medio","Bajo")))
K27: =IF(OR(I27="",J27=""),"",I27*J27) | L27: =IF(K27="","",IF(K27>=12,"Alto",IF(K27>=6,"Medio","Bajo"))) | S27: =IF(OR(Q27="",R27=""),"",Q27*R27) | T27: =IF(S27="","",IF(S27>=12,"Alto",IF(S27>=6,"Medio","Bajo")))
... K155: =IF(OR(I155="",J155=""),"",I155*J155) | L155: =IF(K155="","",IF(K155>=12,"Alto",IF(K155>=6,"Medio","Bajo"))) | S155: =IF(OR(Q155="",R155=""),"",Q155*R155) | T155: =IF(S155="","",IF(S155>=12,"Alto",IF(S155>=6,"Medio","Bajo")))

Sheet Mapa de calor
A1: Mapa de calor de riesgos (inherentes, no cerrados)
A2: Cantidad de riesgos por probabilidad e impacto. Calculado a partir de la hoja «Riesgos».
A4: Probabilidad \ Impacto | B4: 1 | C4: 2 | D4: 3 | E4: 4 | F4: 5
A5: 5 | B5: =COUNTIFS(Riesgos!$I$6:$I$155,5,Riesgos!$J$6:$J$155,1,Riesgos!$P$6:$P$155,"<>Cerrado") | C5: =COUNTIFS(Riesgos!$I$6:$I$155,5,Riesgos!$J$6:$J$155,2,Riesgos!$P$6:$P$155,"<>Cerrado") | D5: =COUNTIFS(Riesgos!$I$6:$I$155,5,Riesgos!$J$6:$J$155,3,Riesgos!$P$6:$P$155,"<>Cerrado") | E5: =COUNTIFS(Riesgos!$I$6:$I$155,5,Riesgos!$J$6:$J$155,4,Riesgos!$P$6:$P$155,"<>Cerrado") | F5: =COUNTIFS(Riesgos!$I$6:$I$155,5,Riesgos!$J$6:$J$155,5,Riesgos!$P$6:$P$155,"<>Cerrado")
A6: 4 | B6: =COUNTIFS(Riesgos!$I$6:$I$155,4,Riesgos!$J$6:$J$155,1,Riesgos!$P$6:$P$155,"<>Cerrado") | C6: =COUNTIFS(Riesgos!$I$6:$I$155,4,Riesgos!$J$6:$J$155,2,Riesgos!$P$6:$P$155,"<>Cerrado") | D6: =COUNTIFS(Riesgos!$I$6:$I$155,4,Riesgos!$J$6:$J$155,3,Riesgos!$P$6:$P$155,"<>Cerrado") | E6: =COUNTIFS(Riesgos!$I$6:$I$155,4,Riesgos!$J$6:$J$155,4,Riesgos!$P$6:$P$155,"<>Cerrado") | F6: =COUNTIFS(Riesgos!$I$6:$I$155,4,Riesgos!$J$6:$J$155,5,Riesgos!$P$6:$P$155,"<>Cerrado")
A7: 3 | B7: =COUNTIFS(Riesgos!$I$6:$I$155,3,Riesgos!$J$6:$J$155,1,Riesgos!$P$6:$P$155,"<>Cerrado") | C7: =COUNTIFS(Riesgos!$I$6:$I$155,3,Riesgos!$J$6:$J$155,2,Riesgos!$P$6:$P$155,"<>Cerrado") | D7: =COUNTIFS(Riesgos!$I$6:$I$155,3,Riesgos!$J$6:$J$155,3,Riesgos!$P$6:$P$155,"<>Cerrado") | E7: =COUNTIFS(Riesgos!$I$6:$I$155,3,Riesgos!$J$6:$J$155,4,Riesgos!$P$6:$P$155,"<>Cerrado") | F7: =COUNTIFS(Riesgos!$I$6:$I$155,3,Riesgos!$J$6:$J$155,5,Riesgos!$P$6:$P$155,"<>Cerrado")
A8: 2 | B8: =COUNTIFS(Riesgos!$I$6:$I$155,2,Riesgos!$J$6:$J$155,1,Riesgos!$P$6:$P$155,"<>Cerrado") | C8: =COUNTIFS(Riesgos!$I$6:$I$155,2,Riesgos!$J$6:$J$155,2,Riesgos!$P$6:$P$155,"<>Cerrado") | D8: =COUNTIFS(Riesgos!$I$6:$I$155,2,Riesgos!$J$6:$J$155,3,Riesgos!$P$6:$P$155,"<>Cerrado") | E8: =COUNTIFS(Riesgos!$I$6:$I$155,2,Riesgos!$J$6:$J$155,4,Riesgos!$P$6:$P$155,"<>Cerrado") | F8: =COUNTIFS(Riesgos!$I$6:$I$155,2,Riesgos!$J$6:$J$155,5,Riesgos!$P$6:$P$155,"<>Cerrado")
A9: 1 | B9: =COUNTIFS(Riesgos!$I$6:$I$155,1,Riesgos!$J$6:$J$155,1,Riesgos!$P$6:$P$155,"<>Cerrado") | C9: =COUNTIFS(Riesgos!$I$6:$I$155,1,Riesgos!$J$6:$J$155,2,Riesgos!$P$6:$P$155,"<>Cerrado") | D9: =COUNTIFS(Riesgos!$I$6:$I$155,1,Riesgos!$J$6:$J$155,3,Riesgos!$P$6:$P$155,"<>Cerrado") | E9: =COUNTIFS(Riesgos!$I$6:$I$155,1,Riesgos!$J$6:$J$155,4,Riesgos!$P$6:$P$155,"<>Cerrado") | F9: =COUNTIFS(Riesgos!$I$6:$I$155,1,Riesgos!$J$6:$J$155,5,Riesgos!$P$6:$P$155,"<>Cerrado")
A11: Verde: bajo (1–5) · Ámbar: medio (6–11) · Rojo: alto (12–25)
A13: Riesgos por fase y clasificación (no cerrados)
B14: Alto | C14: Medio | D14: Bajo
A15: Fase 1 | B15: =COUNTIFS(Riesgos!$C$6:$C$155,$A15,Riesgos!$L$6:$L$155,"Alto",Riesgos!$P$6:$P$155,"<>Cerrado") | C15: =COUNTIFS(Riesgos!$C$6:$C$155,$A15,Riesgos!$L$6:$L$155,"Medio",Riesgos!$P$6:$P$155,"<>Cerrado") | D15: =COUNTIFS(Riesgos!$C$6:$C$155,$A15,Riesgos!$L$6:$L$155,"Bajo",Riesgos!$P$6:$P$155,"<>Cerrado")
A16: Fase 2 | B16: =COUNTIFS(Riesgos!$C$6:$C$155,$A16,Riesgos!$L$6:$L$155,"Alto",Riesgos!$P$6:$P$155,"<>Cerrado") | C16: =COUNTIFS(Riesgos!$C$6:$C$155,$A16,Riesgos!$L$6:$L$155,"Medio",Riesgos!$P$6:$P$155,"<>Cerrado") | D16: =COUNTIFS(Riesgos!$C$6:$C$155,$A16,Riesgos!$L$6:$L$155,"Bajo",Riesgos!$P$6:$P$155,"<>Cerrado")
A17: Fase 3 | B17: =COUNTIFS(Riesgos!$C$6:$C$155,$A17,Riesgos!$L$6:$L$155,"Alto",Riesgos!$P$6:$P$155,"<>Cerrado") | C17: =COUNTIFS(Riesgos!$C$6:$C$155,$A17,Riesgos!$L$6:$L$155,"Medio",Riesgos!$P$6:$P$155,"<>Cerrado") | D17: =COUNTIFS(Riesgos!$C$6:$C$155,$A17,Riesgos!$L$6:$L$155,"Bajo",Riesgos!$P$6:$P$155,"<>Cerrado")
A18: Fases 1 y 2 | B18: =COUNTIFS(Riesgos!$C$6:$C$155,$A18,Riesgos!$L$6:$L$155,"Alto",Riesgos!$P$6:$P$155,"<>Cerrado") | C18: =COUNTIFS(Riesgos!$C$6:$C$155,$A18,Riesgos!$L$6:$L$155,"Medio",Riesgos!$P$6:$P$155,"<>Cerrado") | D18: =COUNTIFS(Riesgos!$C$6:$C$155,$A18,Riesgos!$L$6:$L$155,"Bajo",Riesgos!$P$6:$P$155,"<>Cerrado")
A19: Fases 2 y 3 | B19: =COUNTIFS(Riesgos!$C$6:$C$155,$A19,Riesgos!$L$6:$L$155,"Alto",Riesgos!$P$6:$P$155,"<>Cerrado") | C19: =COUNTIFS(Riesgos!$C$6:$C$155,$A19,Riesgos!$L$6:$L$155,"Medio",Riesgos!$P$6:$P$155,"<>Cerrado") | D19: =COUNTIFS(Riesgos!$C$6:$C$155,$A19,Riesgos!$L$6:$L$155,"Bajo",Riesgos!$P$6:$P$155,"<>Cerrado")
A20: Todas las fases | B20: =COUNTIFS(Riesgos!$C$6:$C$155,$A20,Riesgos!$L$6:$L$155,"Alto",Riesgos!$P$6:$P$155,"<>Cerrado") | C20: =COUNTIFS(Riesgos!$C$6:$C$155,$A20,Riesgos!$L$6:$L$155,"Medio",Riesgos!$P$6:$P$155,"<>Cerrado") | D20: =COUNTIFS(Riesgos!$C$6:$C$155,$A20,Riesgos!$L$6:$L$155,"Bajo",Riesgos!$P$6:$P$155,"<>Cerrado")

Sheet Listas
A1: Valores de las listas desplegables. Puede ampliarlas agregando valores al final de cada columna y ajustando el rango con nombre (Fórmulas > Administrador de nombres).
A2: FasesExt | B2: Etapas | C2: Roles | D2: CategoriasRiesgo | E2: EstadosRiesgo | F2: Niveles
A3: Fase 1 | B3: Planificación temprana (FEL) | C3: Gerente del proyecto del cliente | D3: Organización y liderazgo | E3: Abierto | F3: 1
A4: Fase 2 | B4: Ingeniería | C4: Gerente de Proyecto | D4: Personas y competencias | E4: En tratamiento | F4: 2
A5: Fase 3 | B5: Procura | C5: AWP Champion | D5: Procesos | E5: Cerrado | F5: 3
A6: Fases 1 y 2 | B6: Construcción | C6: Líder de WFP | D6: Contratos | E6: Materializado | F6: 4
A7: Fases 2 y 3 | B7: Comisionamiento | C7: Planificador de frente de trabajo | D7: Herramientas e información | F7: 5
A8: Todas las fases | C8: Líder de Ingeniería | D8: Interfaces entre fases
C9: Líder de Procura | D9: Medición
C10: Gestor de materiales
C11: Gerente de Construcción
C12: Superintendente / capataz general
C13: Controles del proyecto
C14: Coordinador de gestión de información
C15: Líder de HSE
C16: Líder de calidad (QA/QC)
C17: Líder de comisionamiento
C18: Subcontratista de especialidad
