Workbook
Name Fases: Listas!$A$3:$A$5
Name TiposPaquete: Listas!$B$3:$B$7
Name Disciplinas: Listas!$C$3:$C$10
Name EstadosPaquete: Listas!$D$3:$D$10
Name Roles: Listas!$E$3:$E$18
Name EstadosRestriccion: Listas!$F$3:$F$6

Sheet Instrucciones
A1: Seguimiento de paquetes
A2: Kit de implementación AWP · Proyecto Tipo (PT) – Complejo de instalaciones en tres fases
A4: Propósito | B4: Registrar todos los paquetes AWP del proyecto (CWA, CWP, EWP, PWP e IWP) con su fase, sus relaciones, estado, fechas plan y real, avance y restricciones abiertas, para controlar que ingeniería y procura entreguen a tiempo lo que construcción necesita. Es el equivalente del «Pack Track» del procedimiento 3.0.
A5: Cuándo se usa | B5: Desde la planificación temprana (cuando se define el plan de liberación CWP/EWP/PWP) hasta el cierre de cada fase. Se actualiza cada semana.
A6: Quién la llena | B6: Controles del proyecto y el Líder de WFP. Ingeniería actualiza sus EWP, procura sus PWP y los planificadores sus IWP.
A7: Cómo llenarla | B7: 1. Actualice la fecha de corte (celda B3). Para que se actualice sola, escriba =HOY(). 2. Borre las filas amarillas de ejemplo. 3. Registre primero las CWA, luego los CWP y, para cada CWP, su EWP y su PWP (mismo sufijo de código). Agregue los IWP a medida que se crean. 4. Complete siempre las columnas CWA y CWP asociado: son las que relacionan los paquetes entre sí. 5. Cargue fechas plan desde el Path of Construction y el programa de liberación de IWP; no cambie la línea base, registre las fechas reales. 6. Pegue en la hoja «Restricciones» las columnas del registro de restricciones para calcular las restricciones abiertas. 7. Revise la hoja «Resumen por fase» para comparar las fases.
A8: Colores | B8: Amarillo: fila de ejemplo (bórrela o reemplácela). Encabezado azul oscuro: dato que se ingresa. Encabezado azul medio y celda gris: columna calculada con fórmula (no la sobrescriba). Rojo: vencido o fuera de meta. Ámbar: por vencer o cerca del límite. Verde: cumplido.
A9: Impresión | B9: Cada hoja está configurada en A4, ajustada al ancho de la página, con el encabezado repetido en cada página. El área de impresión de las hojas de datos cubre las primeras 50 filas: si usa más, amplíela en Diseño de página > Área de impresión.
A10: Significado de los estados | B10: • Planificado: Identificado en el plan de liberación; aún no se trabaja en él. • En desarrollo: Se está preparando (diseño, compra o armado del paquete). • En revisión: Preparado y en revisión interna o del cliente. • Aprobado: Aprobado: EWP emitido IFC, PWP con orden de compra, CWP aprobado, CWA/IWP aprobados. • Liberado: IWP sin restricciones abiertas y con checklist firmado (en backlog); CWP emitido a construcción. • En ejecución: Trabajo en campo en curso (CWA, CWP e IWP) o material en fabricación/entrega (PWP). • Cerrado: Trabajo terminado y documentación cerrada (calidad, avance, materiales). • Suspendido: Detenido o devuelto de campo; registrar la causa en observaciones.
A11: Formato condicional | B11: Situación en rojo: paquete atrasado o con inicio atrasado. Ámbar: cerrado con atraso o con restricciones abiertas. Verde: en plazo o cerrado sin atraso. La barra azul muestra el % de avance.
A13: Columnas de la hoja «Paquetes»
A14: Columna | B14: Significado | C14: Tipo de dato
A15: Ejemplo | B15: Contiene «EJEMPLO» en las filas de ejemplo. Déjela vacía en las filas reales. | C15: Manual
A16: Código | B16: Código del paquete según la codificación del kit (CWA-2.01, CWP-2.01-EST-01, EWP-…, PWP-…, IWP-…-001). | C16: Manual
A17: Tipo | B17: CWA, CWP, EWP, PWP o IWP. | C17: Lista
A18: Fase del proyecto | B18: Fase del proyecto a la que pertenece el paquete. | C18: Lista
A19: Descripción | B19: Nombre o alcance resumido del paquete. | C19: Manual
A20: Disciplina | B20: Código de disciplina (VAR para CWA con varias disciplinas). | C20: Lista
A21: CWA | B21: CWA a la que pertenece el paquete (relación jerárquica). | C21: Manual
A22: CWP asociado | B22: CWP al que alimenta (EWP, PWP) o del que proviene (IWP). Para un CWP, su propio código. Vacío para una CWA. | C22: Manual
A23: Sistema | B23: Sistema de comisionamiento al que pertenece (permite preparar los SWP). | C23: Manual
A24: Responsable (rol) | B24: Rol responsable del paquete. | C24: Lista
A25: Estado | B25: Estado del paquete (ver significado de cada estado más abajo). | C25: Lista
... A35: Observaciones | B35: Comentarios. | C35: Manual
A37: Columnas de la hoja «Restricciones»
A38: Columna | B38: Significado | C38: Tipo de dato
A39: ID | B39: ID de la restricción (igual que en Registro_Restricciones). | C39: Manual
A40: Fase del proyecto | B40: Fase del proyecto. | C40: Lista
A41: CWP relacionado | B41: Código del CWP. | C41: Manual
A42: IWP relacionado | B42: Código del IWP. | C42: Manual
A43: Tipo de restricción | B43: Tipo de restricción. | C43: Manual
A44: Estado | B44: Estado actual. | C44: Lista

Sheet Paquetes
A1: Seguimiento de paquetes CWA · CWP · EWP · PWP · IWP
A2: Proyecto Tipo (PT) – Complejo de instalaciones en tres fases. Las filas en amarillo marcadas «EJEMPLO» son de ejemplo: bórrelas o reemplácelas.
A3: Fecha de corte: | B3: 46919
A5: Ejemplo | B5: Código | C5: Tipo | D5: Fase del proyecto | E5: Descripción | F5: Disciplina | G5: CWA | H5: CWP asociado | I5: Sistema | J5: Responsable (rol) | K5: Estado | L5: Inicio plan | M5: Fin plan | N5: Inicio real | O5: Fin real | P5: % avance | Q5: HH estimadas | R5: Restricciones abiertas | S5: Días de atraso | T5: Situación | U5: Observaciones
A6: EJEMPLO | B6: CWA-1.01 | C6: CWA | D6: Fase 1 | E6: Plataformas y movimiento de tierras | F6: CIV | G6: CWA-1.01 | I6: Plataformas | J6: Gerente de Construcción | K6: Cerrado | L6: 46545 | M6: 46741 | N6: 46552 | O6: 46762 | P6: 1 | Q6: 120000 | R6: =IF(B6="","",IF(C6="IWP",COUNTIFS(Restricciones!$D$6:$D$305,B6,Restricciones!$F$6:$F$305,"Abierta")+COUNTIFS(Restricciones!$D$6:$D$305,B6,Restricciones!$F$6:$F$305,"En gestión"),IF(C6="CWA",COUNTIFS(Restricciones!$C$6:$C$305,"CWP-"&MID(B6,5,4)&"-*",Restricciones!$F$6:$F$305,"Abierta")+COUNTIFS(Restricciones!$C$6:$C$305,"CWP-"&MID(B6,5,4)&"-*",Restricciones!$F$6:$F$305,"En gestión"),COUNTIFS(Restricciones!$C$6:$C$305,IF(C6="CWP",B6,H6),Restricciones!$F$6:$F$305,"Abierta")+COUNTIFS(Restricciones!$C$6:$C$305,IF(C6="CWP",B6,H6),Restricciones!$F$6:$F$305,"En gestión")))) | S6: =IF(OR(B6="",M6=""),"",IF(O6<>"",MAX(0,O6-M6),IF(AND($B$3>M6,K6<>"Cerrado"),$B$3-M6,0))) | T6: =IF(B6="","",IF(K6="Cerrado",IF(S6>0,"Cerrado con atraso","Cerrado"),IF(S6>0,"Atrasado",IF(AND(N6="",L6<>"",$B$3>L6),"Inicio atrasado","En plazo")))) | U6: Entregada a la Fase 2 con acta.
A7: EJEMPLO | B7: CWP-1.01-CIV-01 | C7: CWP | D7: Fase 1 | E7: Movimiento de tierras plataforma norte | F7: CIV | G7: CWA-1.01 | H7: CWP-1.01-CIV-01 | I7: Plataformas | J7: Gerente de Construcción | K7: Cerrado | L7: 46545 | M7: 46593 | N7: 46552 | O7: 46605 | P7: 1 | Q7: 42000 | R7: =IF(B7="","",IF(C7="IWP",COUNTIFS(Restricciones!$D$6:$D$305,B7,Restricciones!$F$6:$F$305,"Abierta")+COUNTIFS(Restricciones!$D$6:$D$305,B7,Restricciones!$F$6:$F$305,"En gestión"),IF(C7="CWA",COUNTIFS(Restricciones!$C$6:$C$305,"CWP-"&MID(B7,5,4)&"-*",Restricciones!$F$6:$F$305,"Abierta")+COUNTIFS(Restricciones!$C$6:$C$305,"CWP-"&MID(B7,5,4)&"-*",Restricciones!$F$6:$F$305,"En gestión"),COUNTIFS(Restricciones!$C$6:$C$305,IF(C7="CWP",B7,H7),Restricciones!$F$6:$F$305,"Abierta")+COUNTIFS(Restricciones!$C$6:$C$305,IF(C7="CWP",B7,H7),Restricciones!$F$6:$F$305,"En gestión")))) | S7: =IF(OR(B7="",M7=""),"",IF(O7<>"",MAX(0,O7-M7),IF(AND($B$3>M7,K7<>"Cerrado"),$B$3-M7,0))) | T7: =IF(B7="","",IF(K7="Cerrado",IF(S7>0,"Cerrado con atraso","Cerrado"),IF(S7>0,"Atrasado",IF(AND(N7="",L7<>"",$B$3>L7),"Inicio atrasado","En plazo"))))
A8: EJEMPLO | B8: EWP-1.01-CIV-01 | C8: EWP | D8: Fase 1 | E8: Ingeniería de movimiento de tierras plataforma norte | F8: CIV | G8: CWA-1.01 | H8: CWP-1.01-CIV-01 | I8: Plataformas | J8: Líder de Ingeniería | K8: Cerrado | L8: 46447 | M8: 46507 | N8: 46447 | O8: 46503 | P8: 1 | Q8: 0 | R8: =IF(B8="","",IF(C8="IWP",COUNTIFS(Restricciones!$D$6:$D$305,B8,Restricciones!$F$6:$F$305,"Abierta")+COUNTIFS(Restricciones!$D$6:$D$305,B8,Restricciones!$F$6:$F$305,"En gestión"),IF(C8="CWA",COUNTIFS(Restricciones!$C$6:$C$305,"CWP-"&MID(B8,5,4)&"-*",Restricciones!$F$6:$F$305,"Abierta")+COUNTIFS(Restricciones!$C$6:$C$305,"CWP-"&MID(B8,5,4)&"-*",Restricciones!$F$6:$F$305,"En gestión"),COUNTIFS(Restricciones!$C$6:$C$305,IF(C8="CWP",B8,H8),Restricciones!$F$6:$F$305,"Abierta")+COUNTIFS(Restricciones!$C$6:$C$305,IF(C8="CWP",B8,H8),Restricciones!$F$6:$F$305,"En gestión")))) | S8: =IF(OR(B8="",M8=""),"",IF(O8<>"",MAX(0,O8-M8),IF(AND($B$3>M8,K8<>"Cerrado"),$B$3-M8,0))) | T8: =IF(B8="","",IF(K8="Cerrado",IF(S8>0,"Cerrado con atraso","Cerrado"),IF(S8>0,"Atrasado",IF(AND(N8="",L8<>"",$B$3>L8),"Inicio atrasado","En plazo")))) | U8: Emitido IFC.
A9: EJEMPLO | B9: PWP-1.01-CIV-01 | C9: PWP | D9: Fase 1 | E9: Material de préstamo y geotextil | F9: CIV | G9: CWA-1.01 | H9: CWP-1.01-CIV-01 | I9: Plataformas | J9: Líder de Procura | K9: Cerrado | L9: 46482 | M9: 46539 | N9: 46482 | O9: 46548 | P9: 1 | Q9: 0 | R9: =IF(B9="","",IF(C9="IWP",COUNTIFS(Restricciones!$D$6:$D$305,B9,Restricciones!$F$6:$F$305,"Abierta")+COUNTIFS(Restricciones!$D$6:$D$305,B9,Restricciones!$F$6:$F$305,"En gestión"),IF(C9="CWA",COUNTIFS(Restricciones!$C$6:$C$305,"CWP-"&MID(B9,5,4)&"-*",Restricciones!$F$6:$F$305,"Abierta")+COUNTIFS(Restricciones!$C$6:$C$305,"CWP-"&MID(B9,5,4)&"-*",Restricciones!$F$6:$F$305,"En gestión"),COUNTIFS(Restricciones!$C$6:$C$305,IF(C9="CWP",B9,H9),Restricciones!$F$6:$F$305,"Abierta")+COUNTIFS(Restricciones!$C$6:$C$305,IF(C9="CWP",B9,H9),Restricciones!$F$6:$F$305,"En gestión")))) | S9: =IF(OR(B9="",M9=""),"",IF(O9<>"",MAX(0,O9-M9),IF(AND($B$3>M9,K9<>"Cerrado"),$B$3-M9,0))) | T9: =IF(B9="","",IF(K9="Cerrado",IF(S9>0,"Cerrado con atraso","Cerrado"),IF(S9>0,"Atrasado",IF(AND(N9="",L9<>"",$B$3>L9),"Inicio atrasado","En plazo"))))
A10: EJEMPLO | B10: IWP-1.01-CIV-01-001 | C10: IWP | D10: Fase 1 | E10: Excavación masiva ejes 1–5 | F10: CIV | G10: CWA-1.01 | H10: CWP-1.01-CIV-01 | I10: Plataformas | J10: Planificador de frente de trabajo | K10: Cerrado | L10: 46545 | M10: 46550 | N10: 46552 | O10: 46557 | P10: 1 | Q10: 480 | R10: =IF(B10="","",IF(C10="IWP",COUNTIFS(Restricciones!$D$6:$D$305,B10,Restricciones!$F$6:$F$305,"Abierta")+COUNTIFS(Restricciones!$D$6:$D$305,B10,Restricciones!$F$6:$F$305,"En gestión"),IF(C10="CWA",COUNTIFS(Restricciones!$C$6:$C$305,"CWP-"&MID(B10,5,4)&"-*",Restricciones!$F$6:$F$305,"Abierta")+COUNTIFS(Restricciones!$C$6:$C$305,"CWP-"&MID(B10,5,4)&"-*",Restricciones!$F$6:$F$305,"En gestión"),COUNTIFS(Restricciones!$C$6:$C$305,IF(C10="CWP",B10,H10),Restricciones!$F$6:$F$305,"Abierta")+COUNTIFS(Restricciones!$C$6:$C$305,IF(C10="CWP",B10,H10),Restricciones!$F$6:$F$305,"En gestión")))) | S10: =IF(OR(B10="",M10=""),"",IF(O10<>"",MAX(0,O10-M10),IF(AND($B$3>M10,K10<>"Cerrado"),$B$3-M10,0))) | T10: =IF(B10="","",IF(K10="Cerrado",IF(S10>0,"Cerrado con atraso","Cerrado"),IF(S10>0,"Atrasado",IF(AND(N10="",L10<>"",$B$3>L10),"Inicio atrasado","En plazo")))) | U10: Inicio atrasado por permiso (R-0001).
A11: EJEMPLO | B11: CWA-2.01 | C11: CWA | D11: Fase 2 | E11: Instalación principal – bloque A | F11: VAR | G11: CWA-2.01 | I11: Varios | J11: Gerente de Construcción | K11: En ejecución | L11: 46790 | M11: 47175 | N11: 46795 | P11: 0.18 | Q11: 380000 | R11: =IF(B11="","",IF(C11="IWP",COUNTIFS(Restricciones!$D$6:$D$305,B11,Restricciones!$F$6:$F$305,"Abierta")+COUNTIFS(Restricciones!$D$6:$D$305,B11,Restricciones!$F$6:$F$305,"En gestión"),IF(C11="CWA",COUNTIFS(Restricciones!$C$6:$C$305,"CWP-"&MID(B11,5,4)&"-*",Restricciones!$F$6:$F$305,"Abierta")+COUNTIFS(Restricciones!$C$6:$C$305,"CWP-"&MID(B11,5,4)&"-*",Restricciones!$F$6:$F$305,"En gestión"),COUNTIFS(Restricciones!$C$6:$C$305,IF(C11="CWP",B11,H11),Restricciones!$F$6:$F$305,"Abierta")+COUNTIFS(Restricciones!$C$6:$C$305,IF(C11="CWP",B11,H11),Restricciones!$F$6:$F$305,"En gestión")))) | S11: =IF(OR(B11="",M11=""),"",IF(O11<>"",MAX(0,O11-M11),IF(AND($B$3>M11,K11<>"Cerrado"),$B$3-M11,0))) | T11: =IF(B11="","",IF(K11="Cerrado",IF(S11>0,"Cerrado con atraso","Cerrado"),IF(S11>0,"Atrasado",IF(AND(N11="",L11<>"",$B$3>L11),"Inicio atrasado","En plazo"))))
A12: EJEMPLO | B12: CWP-2.01-EST-01 | C12: CWP | D12: Fase 2 | E12: Estructura metálica bloque A | F12: EST | G12: CWA-2.01 | H12: CWP-2.01-EST-01 | I12: Estructura bloque A | J12: Gerente de Construcción | K12: Liberado | L12: 46868 | M12: 46986 | P12: 0 | Q12: 9600 | R12: =IF(B12="","",IF(C12="IWP",COUNTIFS(Restricciones!$D$6:$D$305,B12,Restricciones!$F$6:$F$305,"Abierta")+COUNTIFS(Restricciones!$D$6:$D$305,B12,Restricciones!$F$6:$F$305,"En gestión"),IF(C12="CWA",COUNTIFS(Restricciones!$C$6:$C$305,"CWP-"&MID(B12,5,4)&"-*",Restricciones!$F$6:$F$305,"Abierta")+COUNTIFS(Restricciones!$C$6:$C$305,"CWP-"&MID(B12,5,4)&"-*",Restricciones!$F$6:$F$305,"En gestión"),COUNTIFS(Restricciones!$C$6:$C$305,IF(C12="CWP",B12,H12),Restricciones!$F$6:$F$305,"Abierta")+COUNTIFS(Restricciones!$C$6:$C$305,IF(C12="CWP",B12,H12),Restricciones!$F$6:$F$305,"En gestión")))) | S12: =IF(OR(B12="",M12=""),"",IF(O12<>"",MAX(0,O12-M12),IF(AND($B$3>M12,K12<>"Cerrado"),$B$3-M12,0))) | T12: =IF(B12="","",IF(K12="Cerrado",IF(S12>0,"Cerrado con atraso","Cerrado"),IF(S12>0,"Atrasado",IF(AND(N12="",L12<>"",$B$3>L12),"Inicio atrasado","En plazo")))) | U12: CWP emitido; montaje no iniciado por grúa (R-0005).
A13: EJEMPLO | B13: EWP-2.01-EST-01 | C13: EWP | D13: Fase 2 | E13: Ingeniería de estructura metálica bloque A | F13: EST | G13: CWA-2.01 | H13: CWP-2.01-EST-01 | I13: Estructura bloque A | J13: Líder de Ingeniería | K13: Cerrado | L13: 46631 | M13: 46750 | N13: 46631 | O13: 46767 | P13: 1 | Q13: 0 | R13: =IF(B13="","",IF(C13="IWP",COUNTIFS(Restricciones!$D$6:$D$305,B13,Restricciones!$F$6:$F$305,"Abierta")+COUNTIFS(Restricciones!$D$6:$D$305,B13,Restricciones!$F$6:$F$305,"En gestión"),IF(C13="CWA",COUNTIFS(Restricciones!$C$6:$C$305,"CWP-"&MID(B13,5,4)&"-*",Restricciones!$F$6:$F$305,"Abierta")+COUNTIFS(Restricciones!$C$6:$C$305,"CWP-"&MID(B13,5,4)&"-*",Restricciones!$F$6:$F$305,"En gestión"),COUNTIFS(Restricciones!$C$6:$C$305,IF(C13="CWP",B13,H13),Restricciones!$F$6:$F$305,"Abierta")+COUNTIFS(Restricciones!$C$6:$C$305,IF(C13="CWP",B13,H13),Restricciones!$F$6:$F$305,"En gestión")))) | S13: =IF(OR(B13="",M13=""),"",IF(O13<>"",MAX(0,O13-M13),IF(AND($B$3>M13,K13<>"Cerrado"),$B$3-M13,0))) | T13: =IF(B13="","",IF(K13="Cerrado",IF(S13>0,"Cerrado con atraso","Cerrado"),IF(S13>0,"Atrasado",IF(AND(N13="",L13<>"",$B$3>L13),"Inicio atrasado","En plazo")))) | U13: IFC emitido con 17 días de atraso.
A14: EJEMPLO | B14: IWP-2.01-EST-01-001 | C14: IWP | D14: Fase 2 | E14: Montaje de columnas nivel 1 ejes A1–A4 | F14: EST | G14: CWA-2.01 | H14: CWP-2.01-EST-01 | I14: Estructura bloque A | J14: Planificador de frente de trabajo | K14: En desarrollo | L14: 46868 | M14: 46873 | P14: 0 | Q14: 420 | R14: =IF(B14="","",IF(C14="IWP",COUNTIFS(Restricciones!$D$6:$D$305,B14,Restricciones!$F$6:$F$305,"Abierta")+COUNTIFS(Restricciones!$D$6:$D$305,B14,Restricciones!$F$6:$F$305,"En gestión"),IF(C14="CWA",COUNTIFS(Restricciones!$C$6:$C$305,"CWP-"&MID(B14,5,4)&"-*",Restricciones!$F$6:$F$305,"Abierta")+COUNTIFS(Restricciones!$C$6:$C$305,"CWP-"&MID(B14,5,4)&"-*",Restricciones!$F$6:$F$305,"En gestión"),COUNTIFS(Restricciones!$C$6:$C$305,IF(C14="CWP",B14,H14),Restricciones!$F$6:$F$305,"Abierta")+COUNTIFS(Restricciones!$C$6:$C$305,IF(C14="CWP",B14,H14),Restricciones!$F$6:$F$305,"En gestión")))) | S14: =IF(OR(B14="",M14=""),"",IF(O14<>"",MAX(0,O14-M14),IF(AND($B$3>M14,K14<>"Cerrado"),$B$3-M14,0))) | T14: =IF(B14="","",IF(K14="Cerrado",IF(S14>0,"Cerrado con atraso","Cerrado"),IF(S14>0,"Atrasado",IF(AND(N14="",L14<>"",$B$3>L14),"Inicio atrasado","En plazo")))) | U14: No liberable: 2 restricciones abiertas.
A15: EJEMPLO | B15: CWP-3.02-CIV-01 | C15: CWP | D15: Fase 3 | E15: Cimentaciones de la ampliación | F15: CIV | G15: CWA-3.02 | H15: CWP-3.02-CIV-01 | I15: Estructura ampliación | J15: Gerente de Construcción | K15: Planificado | L15: 47154 | M15: 47251 | P15: 0 | Q15: 28000 | R15: =IF(B15="","",IF(C15="IWP",COUNTIFS(Restricciones!$D$6:$D$305,B15,Restricciones!$F$6:$F$305,"Abierta")+COUNTIFS(Restricciones!$D$6:$D$305,B15,Restricciones!$F$6:$F$305,"En gestión"),IF(C15="CWA",COUNTIFS(Restricciones!$C$6:$C$305,"CWP-"&MID(B15,5,4)&"-*",Restricciones!$F$6:$F$305,"Abierta")+COUNTIFS(Restricciones!$C$6:$C$305,"CWP-"&MID(B15,5,4)&"-*",Restricciones!$F$6:$F$305,"En gestión"),COUNTIFS(Restricciones!$C$6:$C$305,IF(C15="CWP",B15,H15),Restricciones!$F$6:$F$305,"Abierta")+COUNTIFS(Restricciones!$C$6:$C$305,IF(C15="CWP",B15,H15),Restricciones!$F$6:$F$305,"En gestión")))) | S15: =IF(OR(B15="",M15=""),"",IF(O15<>"",MAX(0,O15-M15),IF(AND($B$3>M15,K15<>"Cerrado"),$B$3-M15,0))) | T15: =IF(B15="","",IF(K15="Cerrado",IF(S15>0,"Cerrado con atraso","Cerrado"),IF(S15>0,"Atrasado",IF(AND(N15="",L15<>"",$B$3>L15),"Inicio atrasado","En plazo"))))
R16: =IF(B16="","",IF(C16="IWP",COUNTIFS(Restricciones!$D$6:$D$305,B16,Restricciones!$F$6:$F$305,"Abierta")+COUNTIFS(Restricciones!$D$6:$D$305,B16,Restricciones!$F$6:$F$305,"En gestión"),IF(C16="CWA",COUNTIFS(Restricciones!$C$6:$C$305,"CWP-"&MID(B16,5,4)&"-*",Restricciones!$F$6:$F$305,"Abierta")+COUNTIFS(Restricciones!$C$6:$C$305,"CWP-"&MID(B16,5,4)&"-*",Restricciones!$F$6:$F$305,"En gestión"),COUNTIFS(Restricciones!$C$6:$C$305,IF(C16="CWP",B16,H16),Restricciones!$F$6:$F$305,"Abierta")+COUNTIFS(Restricciones!$C$6:$C$305,IF(C16="CWP",B16,H16),Restricciones!$F$6:$F$305,"En gestión")))) | S16: =IF(OR(B16="",M16=""),"",IF(O16<>"",MAX(0,O16-M16),IF(AND($B$3>M16,K16<>"Cerrado"),$B$3-M16,0))) | T16: =IF(B16="","",IF(K16="Cerrado",IF(S16>0,"Cerrado con atraso","Cerrado"),IF(S16>0,"Atrasado",IF(AND(N16="",L16<>"",$B$3>L16),"Inicio atrasado","En plazo"))))
R17: =IF(B17="","",IF(C17="IWP",COUNTIFS(Restricciones!$D$6:$D$305,B17,Restricciones!$F$6:$F$305,"Abierta")+COUNTIFS(Restricciones!$D$6:$D$305,B17,Restricciones!$F$6:$F$305,"En gestión"),IF(C17="CWA",COUNTIFS(Restricciones!$C$6:$C$305,"CWP-"&MID(B17,5,4)&"-*",Restricciones!$F$6:$F$305,"Abierta")+COUNTIFS(Restricciones!$C$6:$C$305,"CWP-"&MID(B17,5,4)&"-*",Restricciones!$F$6:$F$305,"En gestión"),COUNTIFS(Restricciones!$C$6:$C$305,IF(C17="CWP",B17,H17),Restricciones!$F$6:$F$305,"Abierta")+COUNTIFS(Restricciones!$C$6:$C$305,IF(C17="CWP",B17,H17),Restricciones!$F$6:$F$305,"En gestión")))) | S17: =IF(OR(B17="",M17=""),"",IF(O17<>"",MAX(0,O17-M17),IF(AND($B$3>M17,K17<>"Cerrado"),$B$3-M17,0))) | T17: =IF(B17="","",IF(K17="Cerrado",IF(S17>0,"Cerrado con atraso","Cerrado"),IF(S17>0,"Atrasado",IF(AND(N17="",L17<>"",$B$3>L17),"Inicio atrasado","En plazo"))))
R18: =IF(B18="","",IF(C18="IWP",COUNTIFS(Restricciones!$D$6:$D$305,B18,Restricciones!$F$6:$F$305,"Abierta")+COUNTIFS(Restricciones!$D$6:$D$305,B18,Restricciones!$F$6:$F$305,"En gestión"),IF(C18="CWA",COUNTIFS(Restricciones!$C$6:$C$305,"CWP-"&MID(B18,5,4)&"-*",Restricciones!$F$6:$F$305,"Abierta")+COUNTIFS(Restricciones!$C$6:$C$305,"CWP-"&MID(B18,5,4)&"-*",Restricciones!$F$6:$F$305,"En gestión"),COUNTIFS(Restricciones!$C$6:$C$305,IF(C18="CWP",B18,H18),Restricciones!$F$6:$F$305,"Abierta")+COUNTIFS(Restricciones!$C$6:$C$305,IF(C18="CWP",B18,H18),Restricciones!$F$6:$F$305,"En gestión")))) | S18: =IF(OR(B18="",M18=""),"",IF(O18<>"",MAX(0,O18-M18),IF(AND($B$3>M18,K18<>"Cerrado"),$B$3-M18,0))) | T18: =IF(B18="","",IF(K18="Cerrado",IF(S18>0,"Cerrado con atraso","Cerrado"),IF(S18>0,"Atrasado",IF(AND(N18="",L18<>"",$B$3>L18),"Inicio atrasado","En plazo"))))
R19: =IF(B19="","",IF(C19="IWP",COUNTIFS(Restricciones!$D$6:$D$305,B19,Restricciones!$F$6:$F$305,"Abierta")+COUNTIFS(Restricciones!$D$6:$D$305,B19,Restricciones!$F$6:$F$305,"En gestión"),IF(C19="CWA",COUNTIFS(Restricciones!$C$6:$C$305,"CWP-"&MID(B19,5,4)&"-*",Restricciones!$F$6:$F$305,"Abierta")+COUNTIFS(Restricciones!$C$6:$C$305,"CWP-"&MID(B19,5,4)&"-*",Restricciones!$F$6:$F$305,"En gestión"),COUNTIFS(Restricciones!$C$6:$C$305,IF(C19="CWP",B19,H19),Restricciones!$F$6:$F$305,"Abierta")+COUNTIFS(Restricciones!$C$6:$C$305,IF(C19="CWP",B19,H19),Restricciones!$F$6:$F$305,"En gestión")))) | S19: =IF(OR(B19="",M19=""),"",IF(O19<>"",MAX(0,O19-M19),IF(AND($B$3>M19,K19<>"Cerrado"),$B$3-M19,0))) | T19: =IF(B19="","",IF(K19="Cerrado",IF(S19>0,"Cerrado con atraso","Cerrado"),IF(S19>0,"Atrasado",IF(AND(N19="",L19<>"",$B$3>L19),"Inicio atrasado","En plazo"))))
R20: =IF(B20="","",IF(C20="IWP",COUNTIFS(Restricciones!$D$6:$D$305,B20,Restricciones!$F$6:$F$305,"Abierta")+COUNTIFS(Restricciones!$D$6:$D$305,B20,Restricciones!$F$6:$F$305,"En gestión"),IF(C20="CWA",COUNTIFS(Restricciones!$C$6:$C$305,"CWP-"&MID(B20,5,4)&"-*",Restricciones!$F$6:$F$305,"Abierta")+COUNTIFS(Restricciones!$C$6:$C$305,"CWP-"&MID(B20,5,4)&"-*",Restricciones!$F$6:$F$305,"En gestión"),COUNTIFS(Restricciones!$C$6:$C$305,IF(C20="CWP",B20,H20),Restricciones!$F$6:$F$305,"Abierta")+COUNTIFS(Restricciones!$C$6:$C$305,IF(C20="CWP",B20,H20),Restricciones!$F$6:$F$305,"En gestión")))) | S20: =IF(OR(B20="",M20=""),"",IF(O20<>"",MAX(0,O20-M20),IF(AND($B$3>M20,K20<>"Cerrado"),$B$3-M20,0))) | T20: =IF(B20="","",IF(K20="Cerrado",IF(S20>0,"Cerrado con atraso","Cerrado"),IF(S20>0,"Atrasado",IF(AND(N20="",L20<>"",$B$3>L20),"Inicio atrasado","En plazo"))))
R21: =IF(B21="","",IF(C21="IWP",COUNTIFS(Restricciones!$D$6:$D$305,B21,Restricciones!$F$6:$F$305,"Abierta")+COUNTIFS(Restricciones!$D$6:$D$305,B21,Restricciones!$F$6:$F$305,"En gestión"),IF(C21="CWA",COUNTIFS(Restricciones!$C$6:$C$305,"CWP-"&MID(B21,5,4)&"-*",Restricciones!$F$6:$F$305,"Abierta")+COUNTIFS(Restricciones!$C$6:$C$305,"CWP-"&MID(B21,5,4)&"-*",Restricciones!$F$6:$F$305,"En gestión"),COUNTIFS(Restricciones!$C$6:$C$305,IF(C21="CWP",B21,H21),Restricciones!$F$6:$F$305,"Abierta")+COUNTIFS(Restricciones!$C$6:$C$305,IF(C21="CWP",B21,H21),Restricciones!$F$6:$F$305,"En gestión")))) | S21: =IF(OR(B21="",M21=""),"",IF(O21<>"",MAX(0,O21-M21),IF(AND($B$3>M21,K21<>"Cerrado"),$B$3-M21,0))) | T21: =IF(B21="","",IF(K21="Cerrado",IF(S21>0,"Cerrado con atraso","Cerrado"),IF(S21>0,"Atrasado",IF(AND(N21="",L21<>"",$B$3>L21),"Inicio atrasado","En plazo"))))
R22: =IF(B22="","",IF(C22="IWP",COUNTIFS(Restricciones!$D$6:$D$305,B22,Restricciones!$F$6:$F$305,"Abierta")+COUNTIFS(Restricciones!$D$6:$D$305,B22,Restricciones!$F$6:$F$305,"En gestión"),IF(C22="CWA",COUNTIFS(Restricciones!$C$6:$C$305,"CWP-"&MID(B22,5,4)&"-*",Restricciones!$F$6:$F$305,"Abierta")+COUNTIFS(Restricciones!$C$6:$C$305,"CWP-"&MID(B22,5,4)&"-*",Restricciones!$F$6:$F$305,"En gestión"),COUNTIFS(Restricciones!$C$6:$C$305,IF(C22="CWP",B22,H22),Restricciones!$F$6:$F$305,"Abierta")+COUNTIFS(Restricciones!$C$6:$C$305,IF(C22="CWP",B22,H22),Restricciones!$F$6:$F$305,"En gestión")))) | S22: =IF(OR(B22="",M22=""),"",IF(O22<>"",MAX(0,O22-M22),IF(AND($B$3>M22,K22<>"Cerrado"),$B$3-M22,0))) | T22: =IF(B22="","",IF(K22="Cerrado",IF(S22>0,"Cerrado con atraso","Cerrado"),IF(S22>0,"Atrasado",IF(AND(N22="",L22<>"",$B$3>L22),"Inicio atrasado","En plazo"))))
R23: =IF(B23="","",IF(C23="IWP",COUNTIFS(Restricciones!$D$6:$D$305,B23,Restricciones!$F$6:$F$305,"Abierta")+COUNTIFS(Restricciones!$D$6:$D$305,B23,Restricciones!$F$6:$F$305,"En gestión"),IF(C23="CWA",COUNTIFS(Restricciones!$C$6:$C$305,"CWP-"&MID(B23,5,4)&"-*",Restricciones!$F$6:$F$305,"Abierta")+COUNTIFS(Restricciones!$C$6:$C$305,"CWP-"&MID(B23,5,4)&"-*",Restricciones!$F$6:$F$305,"En gestión"),COUNTIFS(Restricciones!$C$6:$C$305,IF(C23="CWP",B23,H23),Restricciones!$F$6:$F$305,"Abierta")+COUNTIFS(Restricciones!$C$6:$C$305,IF(C23="CWP",B23,H23),Restricciones!$F$6:$F$305,"En gestión")))) | S23: =IF(OR(B23="",M23=""),"",IF(O23<>"",MAX(0,O23-M23),IF(AND($B$3>M23,K23<>"Cerrado"),$B$3-M23,0))) | T23: =IF(B23="","",IF(K23="Cerrado",IF(S23>0,"Cerrado con atraso","Cerrado"),IF(S23>0,"Atrasado",IF(AND(N23="",L23<>"",$B$3>L23),"Inicio atrasado","En plazo"))))
R24: =IF(B24="","",IF(C24="IWP",COUNTIFS(Restricciones!$D$6:$D$305,B24,Restricciones!$F$6:$F$305,"Abierta")+COUNTIFS(Restricciones!$D$6:$D$305,B24,Restricciones!$F$6:$F$305,"En gestión"),IF(C24="CWA",COUNTIFS(Restricciones!$C$6:$C$305,"CWP-"&MID(B24,5,4)&"-*",Restricciones!$F$6:$F$305,"Abierta")+COUNTIFS(Restricciones!$C$6:$C$305,"CWP-"&MID(B24,5,4)&"-*",Restricciones!$F$6:$F$305,"En gestión"),COUNTIFS(Restricciones!$C$6:$C$305,IF(C24="CWP",B24,H24),Restricciones!$F$6:$F$305,"Abierta")+COUNTIFS(Restricciones!$C$6:$C$305,IF(C24="CWP",B24,H24),Restricciones!$F$6:$F$305,"En gestión")))) | S24: =IF(OR(B24="",M24=""),"",IF(O24<>"",MAX(0,O24-M24),IF(AND($B$3>M24,K24<>"Cerrado"),$B$3-M24,0))) | T24: =IF(B24="","",IF(K24="Cerrado",IF(S24>0,"Cerrado con atraso","Cerrado"),IF(S24>0,"Atrasado",IF(AND(N24="",L24<>"",$B$3>L24),"Inicio atrasado","En plazo"))))
R25: =IF(B25="","",IF(C25="IWP",COUNTIFS(Restricciones!$D$6:$D$305,B25,Restricciones!$F$6:$F$305,"Abierta")+COUNTIFS(Restricciones!$D$6:$D$305,B25,Restricciones!$F$6:$F$305,"En gestión"),IF(C25="CWA",COUNTIFS(Restricciones!$C$6:$C$305,"CWP-"&MID(B25,5,4)&"-*",Restricciones!$F$6:$F$305,"Abierta")+COUNTIFS(Restricciones!$C$6:$C$305,"CWP-"&MID(B25,5,4)&"-*",Restricciones!$F$6:$F$305,"En gestión"),COUNTIFS(Restricciones!$C$6:$C$305,IF(C25="CWP",B25,H25),Restricciones!$F$6:$F$305,"Abierta")+COUNTIFS(Restricciones!$C$6:$C$305,IF(C25="CWP",B25,H25),Restricciones!$F$6:$F$305,"En gestión")))) | S25: =IF(OR(B25="",M25=""),"",IF(O25<>"",MAX(0,O25-M25),IF(AND($B$3>M25,K25<>"Cerrado"),$B$3-M25,0))) | T25: =IF(B25="","",IF(K25="Cerrado",IF(S25>0,"Cerrado con atraso","Cerrado"),IF(S25>0,"Atrasado",IF(AND(N25="",L25<>"",$B$3>L25),"Inicio atrasado","En plazo"))))
R26: =IF(B26="","",IF(C26="IWP",COUNTIFS(Restricciones!$D$6:$D$305,B26,Restricciones!$F$6:$F$305,"Abierta")+COUNTIFS(Restricciones!$D$6:$D$305,B26,Restricciones!$F$6:$F$305,"En gestión"),IF(C26="CWA",COUNTIFS(Restricciones!$C$6:$C$305,"CWP-"&MID(B26,5,4)&"-*",Restricciones!$F$6:$F$305,"Abierta")+COUNTIFS(Restricciones!$C$6:$C$305,"CWP-"&MID(B26,5,4)&"-*",Restricciones!$F$6:$F$305,"En gestión"),COUNTIFS(Restricciones!$C$6:$C$305,IF(C26="CWP",B26,H26),Restricciones!$F$6:$F$305,"Abierta")+COUNTIFS(Restricciones!$C$6:$C$305,IF(C26="CWP",B26,H26),Restricciones!$F$6:$F$305,"En gestión")))) | S26: =IF(OR(B26="",M26=""),"",IF(O26<>"",MAX(0,O26-M26),IF(AND($B$3>M26,K26<>"Cerrado"),$B$3-M26,0))) | T26: =IF(B26="","",IF(K26="Cerrado",IF(S26>0,"Cerrado con atraso","Cerrado"),IF(S26>0,"Atrasado",IF(AND(N26="",L26<>"",$B$3>L26),"Inicio atrasado","En plazo"))))
R27: =IF(B27="","",IF(C27="IWP",COUNTIFS(Restricciones!$D$6:$D$305,B27,Restricciones!$F$6:$F$305,"Abierta")+COUNTIFS(Restricciones!$D$6:$D$305,B27,Restricciones!$F$6:$F$305,"En gestión"),IF(C27="CWA",COUNTIFS(Restricciones!$C$6:$C$305,"CWP-"&MID(B27,5,4)&"-*",Restricciones!$F$6:$F$305,"Abierta")+COUNTIFS(Restricciones!$C$6:$C$305,"CWP-"&MID(B27,5,4)&"-*",Restricciones!$F$6:$F$305,"En gestión"),COUNTIFS(Restricciones!$C$6:$C$305,IF(C27="CWP",B27,H27),Restricciones!$F$6:$F$305,"Abierta")+COUNTIFS(Restricciones!$C$6:$C$305,IF(C27="CWP",B27,H27),Restricciones!$F$6:$F$305,"En gestión")))) | S27: =IF(OR(B27="",M27=""),"",IF(O27<>"",MAX(0,O27-M27),IF(AND($B$3>M27,K27<>"Cerrado"),$B$3-M27,0))) | T27: =IF(B27="","",IF(K27="Cerrado",IF(S27>0,"Cerrado con atraso","Cerrado"),IF(S27>0,"Atrasado",IF(AND(N27="",L27<>"",$B$3>L27),"Inicio atrasado","En plazo"))))
... R505: =IF(B505="","",IF(C505="IWP",COUNTIFS(Restricciones!$D$6:$D$305,B505,Restricciones!$F$6:$F$305,"Abierta")+COUNTIFS(Restricciones!$D$6:$D$305,B505,Restricciones!$F$6:$F$305,"En gestión"),IF(C505="CWA",COUNTIFS(Restricciones!$C$6:$C$305,"CWP-"&MID(B505,5,4)&"-*",Restricciones!$F$6:$F$305,"Abierta")+COUNTIFS(Restricciones!$C$6:$C$305,"CWP-"&MID(B505,5,4)&"-*",Restricciones!$F$6:$F$305,"En gestión"),COUNTIFS(Restricciones!$C$6:$C$305,IF(C505="CWP",B505,H505),Restricciones!$F$6:$F$305,"Abierta")+COUNTIFS(Restricciones!$C$6:$C$305,IF(C505="CWP",B505,H505),Restricciones!$F$6:$F$305,"En gestión")))) | S505: =IF(OR(B505="",M505=""),"",IF(O505<>"",MAX(0,O505-M505),IF(AND($B$3>M505,K505<>"Cerrado"),$B$3-M505,0))) | T505: =IF(B505="","",IF(K505="Cerrado",IF(S505>0,"Cerrado con atraso","Cerrado"),IF(S505>0,"Atrasado",IF(AND(N505="",L505<>"",$B$3>L505),"Inicio atrasado","En plazo"))))

Sheet Resumen por fase
A1: Resumen de paquetes por fase del proyecto
A2: Proyecto Tipo (PT) – Complejo de instalaciones en tres fases. Calculado a partir de la hoja «Paquetes».
A4: Fase 1 – Infraestructura y obras tempranas
B5: Total | C5: Planificados / en desarrollo | D5: Aprobados / liberados | E5: En ejecución | F5: Cerrados | G5: Atrasados | H5: Restricciones abiertas | I5: % avance promedio
A6: CWA | B6: =COUNTIFS(Paquetes!$C$6:$C$505,$A6,Paquetes!$D$6:$D$505,"Fase 1") | C6: =COUNTIFS(Paquetes!$C$6:$C$505,$A6,Paquetes!$D$6:$D$505,"Fase 1",Paquetes!$K$6:$K$505,"Planificado")+COUNTIFS(Paquetes!$C$6:$C$505,$A6,Paquetes!$D$6:$D$505,"Fase 1",Paquetes!$K$6:$K$505,"En desarrollo")+COUNTIFS(Paquetes!$C$6:$C$505,$A6,Paquetes!$D$6:$D$505,"Fase 1",Paquetes!$K$6:$K$505,"En revisión") | D6: =COUNTIFS(Paquetes!$C$6:$C$505,$A6,Paquetes!$D$6:$D$505,"Fase 1",Paquetes!$K$6:$K$505,"Aprobado")+COUNTIFS(Paquetes!$C$6:$C$505,$A6,Paquetes!$D$6:$D$505,"Fase 1",Paquetes!$K$6:$K$505,"Liberado") | E6: =COUNTIFS(Paquetes!$C$6:$C$505,$A6,Paquetes!$D$6:$D$505,"Fase 1",Paquetes!$K$6:$K$505,"En ejecución") | F6: =COUNTIFS(Paquetes!$C$6:$C$505,$A6,Paquetes!$D$6:$D$505,"Fase 1",Paquetes!$K$6:$K$505,"Cerrado") | G6: =COUNTIFS(Paquetes!$C$6:$C$505,$A6,Paquetes!$D$6:$D$505,"Fase 1",Paquetes!$T$6:$T$505,"Atrasado")+COUNTIFS(Paquetes!$C$6:$C$505,$A6,Paquetes!$D$6:$D$505,"Fase 1",Paquetes!$T$6:$T$505,"Inicio atrasado") | H6: =SUMIFS(Paquetes!$R$6:$R$505,Paquetes!$C$6:$C$505,$A6,Paquetes!$D$6:$D$505,"Fase 1") | I6: =IFERROR(AVERAGEIFS(Paquetes!$P$6:$P$505,Paquetes!$C$6:$C$505,$A6,Paquetes!$D$6:$D$505,"Fase 1"),"")
A7: CWP | B7: =COUNTIFS(Paquetes!$C$6:$C$505,$A7,Paquetes!$D$6:$D$505,"Fase 1") | C7: =COUNTIFS(Paquetes!$C$6:$C$505,$A7,Paquetes!$D$6:$D$505,"Fase 1",Paquetes!$K$6:$K$505,"Planificado")+COUNTIFS(Paquetes!$C$6:$C$505,$A7,Paquetes!$D$6:$D$505,"Fase 1",Paquetes!$K$6:$K$505,"En desarrollo")+COUNTIFS(Paquetes!$C$6:$C$505,$A7,Paquetes!$D$6:$D$505,"Fase 1",Paquetes!$K$6:$K$505,"En revisión") | D7: =COUNTIFS(Paquetes!$C$6:$C$505,$A7,Paquetes!$D$6:$D$505,"Fase 1",Paquetes!$K$6:$K$505,"Aprobado")+COUNTIFS(Paquetes!$C$6:$C$505,$A7,Paquetes!$D$6:$D$505,"Fase 1",Paquetes!$K$6:$K$505,"Liberado") | E7: =COUNTIFS(Paquetes!$C$6:$C$505,$A7,Paquetes!$D$6:$D$505,"Fase 1",Paquetes!$K$6:$K$505,"En ejecución") | F7: =COUNTIFS(Paquetes!$C$6:$C$505,$A7,Paquetes!$D$6:$D$505,"Fase 1",Paquetes!$K$6:$K$505,"Cerrado") | G7: =COUNTIFS(Paquetes!$C$6:$C$505,$A7,Paquetes!$D$6:$D$505,"Fase 1",Paquetes!$T$6:$T$505,"Atrasado")+COUNTIFS(Paquetes!$C$6:$C$505,$A7,Paquetes!$D$6:$D$505,"Fase 1",Paquetes!$T$6:$T$505,"Inicio atrasado") | H7: =SUMIFS(Paquetes!$R$6:$R$505,Paquetes!$C$6:$C$505,$A7,Paquetes!$D$6:$D$505,"Fase 1") | I7: =IFERROR(AVERAGEIFS(Paquetes!$P$6:$P$505,Paquetes!$C$6:$C$505,$A7,Paquetes!$D$6:$D$505,"Fase 1"),"")
A8: EWP | B8: =COUNTIFS(Paquetes!$C$6:$C$505,$A8,Paquetes!$D$6:$D$505,"Fase 1") | C8: =COUNTIFS(Paquetes!$C$6:$C$505,$A8,Paquetes!$D$6:$D$505,"Fase 1",Paquetes!$K$6:$K$505,"Planificado")+COUNTIFS(Paquetes!$C$6:$C$505,$A8,Paquetes!$D$6:$D$505,"Fase 1",Paquetes!$K$6:$K$505,"En desarrollo")+COUNTIFS(Paquetes!$C$6:$C$505,$A8,Paquetes!$D$6:$D$505,"Fase 1",Paquetes!$K$6:$K$505,"En revisión") | D8: =COUNTIFS(Paquetes!$C$6:$C$505,$A8,Paquetes!$D$6:$D$505,"Fase 1",Paquetes!$K$6:$K$505,"Aprobado")+COUNTIFS(Paquetes!$C$6:$C$505,$A8,Paquetes!$D$6:$D$505,"Fase 1",Paquetes!$K$6:$K$505,"Liberado") | E8: =COUNTIFS(Paquetes!$C$6:$C$505,$A8,Paquetes!$D$6:$D$505,"Fase 1",Paquetes!$K$6:$K$505,"En ejecución") | F8: =COUNTIFS(Paquetes!$C$6:$C$505,$A8,Paquetes!$D$6:$D$505,"Fase 1",Paquetes!$K$6:$K$505,"Cerrado") | G8: =COUNTIFS(Paquetes!$C$6:$C$505,$A8,Paquetes!$D$6:$D$505,"Fase 1",Paquetes!$T$6:$T$505,"Atrasado")+COUNTIFS(Paquetes!$C$6:$C$505,$A8,Paquetes!$D$6:$D$505,"Fase 1",Paquetes!$T$6:$T$505,"Inicio atrasado") | H8: =SUMIFS(Paquetes!$R$6:$R$505,Paquetes!$C$6:$C$505,$A8,Paquetes!$D$6:$D$505,"Fase 1") | I8: =IFERROR(AVERAGEIFS(Paquetes!$P$6:$P$505,Paquetes!$C$6:$C$505,$A8,Paquetes!$D$6:$D$505,"Fase 1"),"")
A9: PWP | B9: =COUNTIFS(Paquetes!$C$6:$C$505,$A9,Paquetes!$D$6:$D$505,"Fase 1") | C9: =COUNTIFS(Paquetes!$C$6:$C$505,$A9,Paquetes!$D$6:$D$505,"Fase 1",Paquetes!$K$6:$K$505,"Planificado")+COUNTIFS(Paquetes!$C$6:$C$505,$A9,Paquetes!$D$6:$D$505,"Fase 1",Paquetes!$K$6:$K$505,"En desarrollo")+COUNTIFS(Paquetes!$C$6:$C$505,$A9,Paquetes!$D$6:$D$505,"Fase 1",Paquetes!$K$6:$K$505,"En revisión") | D9: =COUNTIFS(Paquetes!$C$6:$C$505,$A9,Paquetes!$D$6:$D$505,"Fase 1",Paquetes!$K$6:$K$505,"Aprobado")+COUNTIFS(Paquetes!$C$6:$C$505,$A9,Paquetes!$D$6:$D$505,"Fase 1",Paquetes!$K$6:$K$505,"Liberado") | E9: =COUNTIFS(Paquetes!$C$6:$C$505,$A9,Paquetes!$D$6:$D$505,"Fase 1",Paquetes!$K$6:$K$505,"En ejecución") | F9: =COUNTIFS(Paquetes!$C$6:$C$505,$A9,Paquetes!$D$6:$D$505,"Fase 1",Paquetes!$K$6:$K$505,"Cerrado") | G9: =COUNTIFS(Paquetes!$C$6:$C$505,$A9,Paquetes!$D$6:$D$505,"Fase 1",Paquetes!$T$6:$T$505,"Atrasado")+COUNTIFS(Paquetes!$C$6:$C$505,$A9,Paquetes!$D$6:$D$505,"Fase 1",Paquetes!$T$6:$T$505,"Inicio atrasado") | H9: =SUMIFS(Paquetes!$R$6:$R$505,Paquetes!$C$6:$C$505,$A9,Paquetes!$D$6:$D$505,"Fase 1") | I9: =IFERROR(AVERAGEIFS(Paquetes!$P$6:$P$505,Paquetes!$C$6:$C$505,$A9,Paquetes!$D$6:$D$505,"Fase 1"),"")
A10: IWP | B10: =COUNTIFS(Paquetes!$C$6:$C$505,$A10,Paquetes!$D$6:$D$505,"Fase 1") | C10: =COUNTIFS(Paquetes!$C$6:$C$505,$A10,Paquetes!$D$6:$D$505,"Fase 1",Paquetes!$K$6:$K$505,"Planificado")+COUNTIFS(Paquetes!$C$6:$C$505,$A10,Paquetes!$D$6:$D$505,"Fase 1",Paquetes!$K$6:$K$505,"En desarrollo")+COUNTIFS(Paquetes!$C$6:$C$505,$A10,Paquetes!$D$6:$D$505,"Fase 1",Paquetes!$K$6:$K$505,"En revisión") | D10: =COUNTIFS(Paquetes!$C$6:$C$505,$A10,Paquetes!$D$6:$D$505,"Fase 1",Paquetes!$K$6:$K$505,"Aprobado")+COUNTIFS(Paquetes!$C$6:$C$505,$A10,Paquetes!$D$6:$D$505,"Fase 1",Paquetes!$K$6:$K$505,"Liberado") | E10: =COUNTIFS(Paquetes!$C$6:$C$505,$A10,Paquetes!$D$6:$D$505,"Fase 1",Paquetes!$K$6:$K$505,"En ejecución") | F10: =COUNTIFS(Paquetes!$C$6:$C$505,$A10,Paquetes!$D$6:$D$505,"Fase 1",Paquetes!$K$6:$K$505,"Cerrado") | G10: =COUNTIFS(Paquetes!$C$6:$C$505,$A10,Paquetes!$D$6:$D$505,"Fase 1",Paquetes!$T$6:$T$505,"Atrasado")+COUNTIFS(Paquetes!$C$6:$C$505,$A10,Paquetes!$D$6:$D$505,"Fase 1",Paquetes!$T$6:$T$505,"Inicio atrasado") | H10: =SUMIFS(Paquetes!$R$6:$R$505,Paquetes!$C$6:$C$505,$A10,Paquetes!$D$6:$D$505,"Fase 1") | I10: =IFERROR(AVERAGEIFS(Paquetes!$P$6:$P$505,Paquetes!$C$6:$C$505,$A10,Paquetes!$D$6:$D$505,"Fase 1"),"")
A12: Fase 2 – Instalación principal
B13: Total | C13: Planificados / en desarrollo | D13: Aprobados / liberados | E13: En ejecución | F13: Cerrados | G13: Atrasados | H13: Restricciones abiertas | I13: % avance promedio
A14: CWA | B14: =COUNTIFS(Paquetes!$C$6:$C$505,$A14,Paquetes!$D$6:$D$505,"Fase 2") | C14: =COUNTIFS(Paquetes!$C$6:$C$505,$A14,Paquetes!$D$6:$D$505,"Fase 2",Paquetes!$K$6:$K$505,"Planificado")+COUNTIFS(Paquetes!$C$6:$C$505,$A14,Paquetes!$D$6:$D$505,"Fase 2",Paquetes!$K$6:$K$505,"En desarrollo")+COUNTIFS(Paquetes!$C$6:$C$505,$A14,Paquetes!$D$6:$D$505,"Fase 2",Paquetes!$K$6:$K$505,"En revisión") | D14: =COUNTIFS(Paquetes!$C$6:$C$505,$A14,Paquetes!$D$6:$D$505,"Fase 2",Paquetes!$K$6:$K$505,"Aprobado")+COUNTIFS(Paquetes!$C$6:$C$505,$A14,Paquetes!$D$6:$D$505,"Fase 2",Paquetes!$K$6:$K$505,"Liberado") | E14: =COUNTIFS(Paquetes!$C$6:$C$505,$A14,Paquetes!$D$6:$D$505,"Fase 2",Paquetes!$K$6:$K$505,"En ejecución") | F14: =COUNTIFS(Paquetes!$C$6:$C$505,$A14,Paquetes!$D$6:$D$505,"Fase 2",Paquetes!$K$6:$K$505,"Cerrado") | G14: =COUNTIFS(Paquetes!$C$6:$C$505,$A14,Paquetes!$D$6:$D$505,"Fase 2",Paquetes!$T$6:$T$505,"Atrasado")+COUNTIFS(Paquetes!$C$6:$C$505,$A14,Paquetes!$D$6:$D$505,"Fase 2",Paquetes!$T$6:$T$505,"Inicio atrasado") | H14: =SUMIFS(Paquetes!$R$6:$R$505,Paquetes!$C$6:$C$505,$A14,Paquetes!$D$6:$D$505,"Fase 2") | I14: =IFERROR(AVERAGEIFS(Paquetes!$P$6:$P$505,Paquetes!$C$6:$C$505,$A14,Paquetes!$D$6:$D$505,"Fase 2"),"")
A15: CWP | B15: =COUNTIFS(Paquetes!$C$6:$C$505,$A15,Paquetes!$D$6:$D$505,"Fase 2") | C15: =COUNTIFS(Paquetes!$C$6:$C$505,$A15,Paquetes!$D$6:$D$505,"Fase 2",Paquetes!$K$6:$K$505,"Planificado")+COUNTIFS(Paquetes!$C$6:$C$505,$A15,Paquetes!$D$6:$D$505,"Fase 2",Paquetes!$K$6:$K$505,"En desarrollo")+COUNTIFS(Paquetes!$C$6:$C$505,$A15,Paquetes!$D$6:$D$505,"Fase 2",Paquetes!$K$6:$K$505,"En revisión") | D15: =COUNTIFS(Paquetes!$C$6:$C$505,$A15,Paquetes!$D$6:$D$505,"Fase 2",Paquetes!$K$6:$K$505,"Aprobado")+COUNTIFS(Paquetes!$C$6:$C$505,$A15,Paquetes!$D$6:$D$505,"Fase 2",Paquetes!$K$6:$K$505,"Liberado") | E15: =COUNTIFS(Paquetes!$C$6:$C$505,$A15,Paquetes!$D$6:$D$505,"Fase 2",Paquetes!$K$6:$K$505,"En ejecución") | F15: =COUNTIFS(Paquetes!$C$6:$C$505,$A15,Paquetes!$D$6:$D$505,"Fase 2",Paquetes!$K$6:$K$505,"Cerrado") | G15: =COUNTIFS(Paquetes!$C$6:$C$505,$A15,Paquetes!$D$6:$D$505,"Fase 2",Paquetes!$T$6:$T$505,"Atrasado")+COUNTIFS(Paquetes!$C$6:$C$505,$A15,Paquetes!$D$6:$D$505,"Fase 2",Paquetes!$T$6:$T$505,"Inicio atrasado") | H15: =SUMIFS(Paquetes!$R$6:$R$505,Paquetes!$C$6:$C$505,$A15,Paquetes!$D$6:$D$505,"Fase 2") | I15: =IFERROR(AVERAGEIFS(Paquetes!$P$6:$P$505,Paquetes!$C$6:$C$505,$A15,Paquetes!$D$6:$D$505,"Fase 2"),"")
A16: EWP | B16: =COUNTIFS(Paquetes!$C$6:$C$505,$A16,Paquetes!$D$6:$D$505,"Fase 2") | C16: =COUNTIFS(Paquetes!$C$6:$C$505,$A16,Paquetes!$D$6:$D$505,"Fase 2",Paquetes!$K$6:$K$505,"Planificado")+COUNTIFS(Paquetes!$C$6:$C$505,$A16,Paquetes!$D$6:$D$505,"Fase 2",Paquetes!$K$6:$K$505,"En desarrollo")+COUNTIFS(Paquetes!$C$6:$C$505,$A16,Paquetes!$D$6:$D$505,"Fase 2",Paquetes!$K$6:$K$505,"En revisión") | D16: =COUNTIFS(Paquetes!$C$6:$C$505,$A16,Paquetes!$D$6:$D$505,"Fase 2",Paquetes!$K$6:$K$505,"Aprobado")+COUNTIFS(Paquetes!$C$6:$C$505,$A16,Paquetes!$D$6:$D$505,"Fase 2",Paquetes!$K$6:$K$505,"Liberado") | E16: =COUNTIFS(Paquetes!$C$6:$C$505,$A16,Paquetes!$D$6:$D$505,"Fase 2",Paquetes!$K$6:$K$505,"En ejecución") | F16: =COUNTIFS(Paquetes!$C$6:$C$505,$A16,Paquetes!$D$6:$D$505,"Fase 2",Paquetes!$K$6:$K$505,"Cerrado") | G16: =COUNTIFS(Paquetes!$C$6:$C$505,$A16,Paquetes!$D$6:$D$505,"Fase 2",Paquetes!$T$6:$T$505,"Atrasado")+COUNTIFS(Paquetes!$C$6:$C$505,$A16,Paquetes!$D$6:$D$505,"Fase 2",Paquetes!$T$6:$T$505,"Inicio atrasado") | H16: =SUMIFS(Paquetes!$R$6:$R$505,Paquetes!$C$6:$C$505,$A16,Paquetes!$D$6:$D$505,"Fase 2") | I16: =IFERROR(AVERAGEIFS(Paquetes!$P$6:$P$505,Paquetes!$C$6:$C$505,$A16,Paquetes!$D$6:$D$505,"Fase 2"),"")
A17: PWP | B17: =COUNTIFS(Paquetes!$C$6:$C$505,$A17,Paquetes!$D$6:$D$505,"Fase 2") | C17: =COUNTIFS(Paquetes!$C$6:$C$505,$A17,Paquetes!$D$6:$D$505,"Fase 2",Paquetes!$K$6:$K$505,"Planificado")+COUNTIFS(Paquetes!$C$6:$C$505,$A17,Paquetes!$D$6:$D$505,"Fase 2",Paquetes!$K$6:$K$505,"En desarrollo")+COUNTIFS(Paquetes!$C$6:$C$505,$A17,Paquetes!$D$6:$D$505,"Fase 2",Paquetes!$K$6:$K$505,"En revisión") | D17: =COUNTIFS(Paquetes!$C$6:$C$505,$A17,Paquetes!$D$6:$D$505,"Fase 2",Paquetes!$K$6:$K$505,"Aprobado")+COUNTIFS(Paquetes!$C$6:$C$505,$A17,Paquetes!$D$6:$D$505,"Fase 2",Paquetes!$K$6:$K$505,"Liberado") | E17: =COUNTIFS(Paquetes!$C$6:$C$505,$A17,Paquetes!$D$6:$D$505,"Fase 2",Paquetes!$K$6:$K$505,"En ejecución") | F17: =COUNTIFS(Paquetes!$C$6:$C$505,$A17,Paquetes!$D$6:$D$505,"Fase 2",Paquetes!$K$6:$K$505,"Cerrado") | G17: =COUNTIFS(Paquetes!$C$6:$C$505,$A17,Paquetes!$D$6:$D$505,"Fase 2",Paquetes!$T$6:$T$505,"Atrasado")+COUNTIFS(Paquetes!$C$6:$C$505,$A17,Paquetes!$D$6:$D$505,"Fase 2",Paquetes!$T$6:$T$505,"Inicio atrasado") | H17: =SUMIFS(Paquetes!$R$6:$R$505,Paquetes!$C$6:$C$505,$A17,Paquetes!$D$6:$D$505,"Fase 2") | I17: =IFERROR(AVERAGEIFS(Paquetes!$P$6:$P$505,Paquetes!$C$6:$C$505,$A17,Paquetes!$D$6:$D$505,"Fase 2"),"")
A18: IWP | B18: =COUNTIFS(Paquetes!$C$6:$C$505,$A18,Paquetes!$D$6:$D$505,"Fase 2") | C18: =COUNTIFS(Paquetes!$C$6:$C$505,$A18,Paquetes!$D$6:$D$505,"Fase 2",Paquetes!$K$6:$K$505,"Planificado")+COUNTIFS(Paquetes!$C$6:$C$505,$A18,Paquetes!$D$6:$D$505,"Fase 2",Paquetes!$K$6:$K$505,"En desarrollo")+COUNTIFS(Paquetes!$C$6:$C$505,$A18,Paquetes!$D$6:$D$505,"Fase 2",Paquetes!$K$6:$K$505,"En revisión") | D18: =COUNTIFS(Paquetes!$C$6:$C$505,$A18,Paquetes!$D$6:$D$505,"Fase 2",Paquetes!$K$6:$K$505,"Aprobado")+COUNTIFS(Paquetes!$C$6:$C$505,$A18,Paquetes!$D$6:$D$505,"Fase 2",Paquetes!$K$6:$K$505,"Liberado") | E18: =COUNTIFS(Paquetes!$C$6:$C$505,$A18,Paquetes!$D$6:$D$505,"Fase 2",Paquetes!$K$6:$K$505,"En ejecución") | F18: =COUNTIFS(Paquetes!$C$6:$C$505,$A18,Paquetes!$D$6:$D$505,"Fase 2",Paquetes!$K$6:$K$505,"Cerrado") | G18: =COUNTIFS(Paquetes!$C$6:$C$505,$A18,Paquetes!$D$6:$D$505,"Fase 2",Paquetes!$T$6:$T$505,"Atrasado")+COUNTIFS(Paquetes!$C$6:$C$505,$A18,Paquetes!$D$6:$D$505,"Fase 2",Paquetes!$T$6:$T$505,"Inicio atrasado") | H18: =SUMIFS(Paquetes!$R$6:$R$505,Paquetes!$C$6:$C$505,$A18,Paquetes!$D$6:$D$505,"Fase 2") | I18: =IFERROR(AVERAGEIFS(Paquetes!$P$6:$P$505,Paquetes!$C$6:$C$505,$A18,Paquetes!$D$6:$D$505,"Fase 2"),"")
A20: Fase 3 – Edificaciones complementarias y ampliación
B21: Total | C21: Planificados / en desarrollo | D21: Aprobados / liberados | E21: En ejecución | F21: Cerrados | G21: Atrasados | H21: Restricciones abiertas | I21: % avance promedio
A22: CWA | B22: =COUNTIFS(Paquetes!$C$6:$C$505,$A22,Paquetes!$D$6:$D$505,"Fase 3") | C22: =COUNTIFS(Paquetes!$C$6:$C$505,$A22,Paquetes!$D$6:$D$505,"Fase 3",Paquetes!$K$6:$K$505,"Planificado")+COUNTIFS(Paquetes!$C$6:$C$505,$A22,Paquetes!$D$6:$D$505,"Fase 3",Paquetes!$K$6:$K$505,"En desarrollo")+COUNTIFS(Paquetes!$C$6:$C$505,$A22,Paquetes!$D$6:$D$505,"Fase 3",Paquetes!$K$6:$K$505,"En revisión") | D22: =COUNTIFS(Paquetes!$C$6:$C$505,$A22,Paquetes!$D$6:$D$505,"Fase 3",Paquetes!$K$6:$K$505,"Aprobado")+COUNTIFS(Paquetes!$C$6:$C$505,$A22,Paquetes!$D$6:$D$505,"Fase 3",Paquetes!$K$6:$K$505,"Liberado") | E22: =COUNTIFS(Paquetes!$C$6:$C$505,$A22,Paquetes!$D$6:$D$505,"Fase 3",Paquetes!$K$6:$K$505,"En ejecución") | F22: =COUNTIFS(Paquetes!$C$6:$C$505,$A22,Paquetes!$D$6:$D$505,"Fase 3",Paquetes!$K$6:$K$505,"Cerrado") | G22: =COUNTIFS(Paquetes!$C$6:$C$505,$A22,Paquetes!$D$6:$D$505,"Fase 3",Paquetes!$T$6:$T$505,"Atrasado")+COUNTIFS(Paquetes!$C$6:$C$505,$A22,Paquetes!$D$6:$D$505,"Fase 3",Paquetes!$T$6:$T$505,"Inicio atrasado") | H22: =SUMIFS(Paquetes!$R$6:$R$505,Paquetes!$C$6:$C$505,$A22,Paquetes!$D$6:$D$505,"Fase 3") | I22: =IFERROR(AVERAGEIFS(Paquetes!$P$6:$P$505,Paquetes!$C$6:$C$505,$A22,Paquetes!$D$6:$D$505,"Fase 3"),"")
A23: CWP | B23: =COUNTIFS(Paquetes!$C$6:$C$505,$A23,Paquetes!$D$6:$D$505,"Fase 3") | C23: =COUNTIFS(Paquetes!$C$6:$C$505,$A23,Paquetes!$D$6:$D$505,"Fase 3",Paquetes!$K$6:$K$505,"Planificado")+COUNTIFS(Paquetes!$C$6:$C$505,$A23,Paquetes!$D$6:$D$505,"Fase 3",Paquetes!$K$6:$K$505,"En desarrollo")+COUNTIFS(Paquetes!$C$6:$C$505,$A23,Paquetes!$D$6:$D$505,"Fase 3",Paquetes!$K$6:$K$505,"En revisión") | D23: =COUNTIFS(Paquetes!$C$6:$C$505,$A23,Paquetes!$D$6:$D$505,"Fase 3",Paquetes!$K$6:$K$505,"Aprobado")+COUNTIFS(Paquetes!$C$6:$C$505,$A23,Paquetes!$D$6:$D$505,"Fase 3",Paquetes!$K$6:$K$505,"Liberado") | E23: =COUNTIFS(Paquetes!$C$6:$C$505,$A23,Paquetes!$D$6:$D$505,"Fase 3",Paquetes!$K$6:$K$505,"En ejecución") | F23: =COUNTIFS(Paquetes!$C$6:$C$505,$A23,Paquetes!$D$6:$D$505,"Fase 3",Paquetes!$K$6:$K$505,"Cerrado") | G23: =COUNTIFS(Paquetes!$C$6:$C$505,$A23,Paquetes!$D$6:$D$505,"Fase 3",Paquetes!$T$6:$T$505,"Atrasado")+COUNTIFS(Paquetes!$C$6:$C$505,$A23,Paquetes!$D$6:$D$505,"Fase 3",Paquetes!$T$6:$T$505,"Inicio atrasado") | H23: =SUMIFS(Paquetes!$R$6:$R$505,Paquetes!$C$6:$C$505,$A23,Paquetes!$D$6:$D$505,"Fase 3") | I23: =IFERROR(AVERAGEIFS(Paquetes!$P$6:$P$505,Paquetes!$C$6:$C$505,$A23,Paquetes!$D$6:$D$505,"Fase 3"),"")
A24: EWP | B24: =COUNTIFS(Paquetes!$C$6:$C$505,$A24,Paquetes!$D$6:$D$505,"Fase 3") | C24: =COUNTIFS(Paquetes!$C$6:$C$505,$A24,Paquetes!$D$6:$D$505,"Fase 3",Paquetes!$K$6:$K$505,"Planificado")+COUNTIFS(Paquetes!$C$6:$C$505,$A24,Paquetes!$D$6:$D$505,"Fase 3",Paquetes!$K$6:$K$505,"En desarrollo")+COUNTIFS(Paquetes!$C$6:$C$505,$A24,Paquetes!$D$6:$D$505,"Fase 3",Paquetes!$K$6:$K$505,"En revisión") | D24: =COUNTIFS(Paquetes!$C$6:$C$505,$A24,Paquetes!$D$6:$D$505,"Fase 3",Paquetes!$K$6:$K$505,"Aprobado")+COUNTIFS(Paquetes!$C$6:$C$505,$A24,Paquetes!$D$6:$D$505,"Fase 3",Paquetes!$K$6:$K$505,"Liberado") | E24: =COUNTIFS(Paquetes!$C$6:$C$505,$A24,Paquetes!$D$6:$D$505,"Fase 3",Paquetes!$K$6:$K$505,"En ejecución") | F24: =COUNTIFS(Paquetes!$C$6:$C$505,$A24,Paquetes!$D$6:$D$505,"Fase 3",Paquetes!$K$6:$K$505,"Cerrado") | G24: =COUNTIFS(Paquetes!$C$6:$C$505,$A24,Paquetes!$D$6:$D$505,"Fase 3",Paquetes!$T$6:$T$505,"Atrasado")+COUNTIFS(Paquetes!$C$6:$C$505,$A24,Paquetes!$D$6:$D$505,"Fase 3",Paquetes!$T$6:$T$505,"Inicio atrasado") | H24: =SUMIFS(Paquetes!$R$6:$R$505,Paquetes!$C$6:$C$505,$A24,Paquetes!$D$6:$D$505,"Fase 3") | I24: =IFERROR(AVERAGEIFS(Paquetes!$P$6:$P$505,Paquetes!$C$6:$C$505,$A24,Paquetes!$D$6:$D$505,"Fase 3"),"")
A25: PWP | B25: =COUNTIFS(Paquetes!$C$6:$C$505,$A25,Paquetes!$D$6:$D$505,"Fase 3") | C25: =COUNTIFS(Paquetes!$C$6:$C$505,$A25,Paquetes!$D$6:$D$505,"Fase 3",Paquetes!$K$6:$K$505,"Planificado")+COUNTIFS(Paquetes!$C$6:$C$505,$A25,Paquetes!$D$6:$D$505,"Fase 3",Paquetes!$K$6:$K$505,"En desarrollo")+COUNTIFS(Paquetes!$C$6:$C$505,$A25,Paquetes!$D$6:$D$505,"Fase 3",Paquetes!$K$6:$K$505,"En revisión") | D25: =COUNTIFS(Paquetes!$C$6:$C$505,$A25,Paquetes!$D$6:$D$505,"Fase 3",Paquetes!$K$6:$K$505,"Aprobado")+COUNTIFS(Paquetes!$C$6:$C$505,$A25,Paquetes!$D$6:$D$505,"Fase 3",Paquetes!$K$6:$K$505,"Liberado") | E25: =COUNTIFS(Paquetes!$C$6:$C$505,$A25,Paquetes!$D$6:$D$505,"Fase 3",Paquetes!$K$6:$K$505,"En ejecución") | F25: =COUNTIFS(Paquetes!$C$6:$C$505,$A25,Paquetes!$D$6:$D$505,"Fase 3",Paquetes!$K$6:$K$505,"Cerrado") | G25: =COUNTIFS(Paquetes!$C$6:$C$505,$A25,Paquetes!$D$6:$D$505,"Fase 3",Paquetes!$T$6:$T$505,"Atrasado")+COUNTIFS(Paquetes!$C$6:$C$505,$A25,Paquetes!$D$6:$D$505,"Fase 3",Paquetes!$T$6:$T$505,"Inicio atrasado") | H25: =SUMIFS(Paquetes!$R$6:$R$505,Paquetes!$C$6:$C$505,$A25,Paquetes!$D$6:$D$505,"Fase 3") | I25: =IFERROR(AVERAGEIFS(Paquetes!$P$6:$P$505,Paquetes!$C$6:$C$505,$A25,Paquetes!$D$6:$D$505,"Fase 3"),"")
A26: IWP | B26: =COUNTIFS(Paquetes!$C$6:$C$505,$A26,Paquetes!$D$6:$D$505,"Fase 3") | C26: =COUNTIFS(Paquetes!$C$6:$C$505,$A26,Paquetes!$D$6:$D$505,"Fase 3",Paquetes!$K$6:$K$505,"Planificado")+COUNTIFS(Paquetes!$C$6:$C$505,$A26,Paquetes!$D$6:$D$505,"Fase 3",Paquetes!$K$6:$K$505,"En desarrollo")+COUNTIFS(Paquetes!$C$6:$C$505,$A26,Paquetes!$D$6:$D$505,"Fase 3",Paquetes!$K$6:$K$505,"En revisión") | D26: =COUNTIFS(Paquetes!$C$6:$C$505,$A26,Paquetes!$D$6:$D$505,"Fase 3",Paquetes!$K$6:$K$505,"Aprobado")+COUNTIFS(Paquetes!$C$6:$C$505,$A26,Paquetes!$D$6:$D$505,"Fase 3",Paquetes!$K$6:$K$505,"Liberado") | E26: =COUNTIFS(Paquetes!$C$6:$C$505,$A26,Paquetes!$D$6:$D$505,"Fase 3",Paquetes!$K$6:$K$505,"En ejecución") | F26: =COUNTIFS(Paquetes!$C$6:$C$505,$A26,Paquetes!$D$6:$D$505,"Fase 3",Paquetes!$K$6:$K$505,"Cerrado") | G26: =COUNTIFS(Paquetes!$C$6:$C$505,$A26,Paquetes!$D$6:$D$505,"Fase 3",Paquetes!$T$6:$T$505,"Atrasado")+COUNTIFS(Paquetes!$C$6:$C$505,$A26,Paquetes!$D$6:$D$505,"Fase 3",Paquetes!$T$6:$T$505,"Inicio atrasado") | H26: =SUMIFS(Paquetes!$R$6:$R$505,Paquetes!$C$6:$C$505,$A26,Paquetes!$D$6:$D$505,"Fase 3") | I26: =IFERROR(AVERAGEIFS(Paquetes!$P$6:$P$505,Paquetes!$C$6:$C$505,$A26,Paquetes!$D$6:$D$505,"Fase 3"),"")

Sheet Restricciones
A1: Restricciones (copia del registro)
A2: Pegue aquí (solo valores) las columnas ID, Fase, CWP, IWP, Tipo y Estado de Registro_Restricciones.xlsx. Las filas amarillas son de ejemplo.
A5: ID | B5: Fase del proyecto | C5: CWP relacionado | D5: IWP relacionado | E5: Tipo de restricción | F5: Estado
A6: R-0001 | B6: Fase 1 | C6: CWP-1.01-CIV-01 | D6: IWP-1.01-CIV-01-001 | E6: Permisos | F6: Liberada
A7: R-0002 | B7: Fase 1 | C7: CWP-1.02-TUB-01 | D7: IWP-1.02-TUB-01-001 | E7: Materiales | F7: Liberada
A8: R-0003 | B8: Fase 1 | C8: CWP-1.02-ELE-01 | D8: IWP-1.02-ELE-01-001 | E8: Trabajos predecesores | F8: Liberada
A9: R-0004 | B9: Fase 2 | C9: CWP-2.01-CIV-01 | D9: IWP-2.01-CIV-01-001 | E9: Ingeniería | F9: Liberada
A10: R-0005 | B10: Fase 2 | C10: CWP-2.01-EST-01 | D10: IWP-2.01-EST-01-001 | E10: Equipos de construcción | F10: En gestión
A11: R-0006 | B11: Fase 2 | C11: CWP-2.01-TUB-01 | D11: IWP-2.01-TUB-01-001 | E11: Documentación del proveedor | F11: Abierta
A12: R-0007 | B12: Fase 2 | C12: CWP-2.03-ELE-01 | D12: IWP-2.03-ELE-01-001 | E12: Andamios | F12: En gestión
A13: R-0008 | B13: Fase 2 | C13: CWP-2.01-EST-01 | D13: IWP-2.01-EST-01-001 | E13: HSE | F13: Abierta
A14: R-0009 | B14: Fase 3 | C14: CWP-3.02-TUB-01 | D14: IWP-3.02-TUB-01-001 | E14: Interfaz entre fases | F14: Abierta
A15: R-0010 | B15: Fase 3 | C15: CWP-3.01-ARQ-01 | D15: IWP-3.01-ARQ-01-001 | E15: Ingeniería | F15: Abierta

Sheet Listas
A1: Valores de las listas desplegables. Puede ampliarlas agregando valores al final de cada columna y ajustando el rango con nombre (Fórmulas > Administrador de nombres).
A2: Fases | B2: TiposPaquete | C2: Disciplinas | D2: EstadosPaquete | E2: Roles | F2: EstadosRestriccion
A3: Fase 1 | B3: CWA | C3: CIV | D3: Planificado | E3: Gerente del proyecto del cliente | F3: Abierta
A4: Fase 2 | B4: CWP | C4: EST | D4: En desarrollo | E4: Gerente de Proyecto | F4: En gestión
A5: Fase 3 | B5: EWP | C5: ARQ | D5: En revisión | E5: AWP Champion | F5: Liberada
B6: PWP | C6: MEC | D6: Aprobado | E6: Líder de WFP | F6: Cancelada
B7: IWP | C7: TUB | D7: Liberado | E7: Planificador de frente de trabajo
C8: ELE | D8: En ejecución | E8: Líder de Ingeniería
C9: INS | D9: Cerrado | E9: Líder de Procura
C10: VAR | D10: Suspendido | E10: Gestor de materiales
E11: Gerente de Construcción
E12: Superintendente / capataz general
E13: Controles del proyecto
E14: Coordinador de gestión de información
E15: Líder de HSE
E16: Líder de calidad (QA/QC)
E17: Líder de comisionamiento
E18: Subcontratista de especialidad
