Workbook
Name Fases: Listas!$A$3:$A$5

Sheet Instrucciones
A1: Tablero de KPI por fase
A2: Kit de implementación AWP · Proyecto Tipo (PT) – Complejo de instalaciones en tres fases
A4: Propósito | B4: Medir con las mismas fórmulas, en las tres fases del proyecto, si AWP se está implementando (KPI de proceso) y si mejora la productividad (KPI de resultado), y compararlas contra metas progresivas por fase.
A5: Por qué se incluye | B5: El curso 2023, Omega 365 y el marco educativo del CII piden medir AWP con KPI, pero sus listas se perdieron en la conversión. Este tablero reúne los KPI del plan con fórmulas únicas, requisito para comparar fases.
A6: Cuándo se usa | B6: Los datos se cargan cada semana; el tablero se revisa en el reporte semanal y en el Comité AWP mensual. Al cierre de cada fase se usa para el informe de cierre.
A7: Quién la llena | B7: Controles del proyecto carga los datos con la información del Líder de WFP, ingeniería y procura; el AWP Champion analiza y presenta el tablero.
A8: Cómo llenarla | B8: 1. Borre las filas amarillas de ejemplo en «Datos semanales». 2. Cargue una fila por semana y por fase del proyecto (si dos fases están en construcción, dos filas por semana). 3. Ingrese solo datos base; los KPI se calculan en el «Tablero». 4. El tool time se registra solo en las semanas en que se hizo un estudio de muestreo. 5. Revise o ajuste las metas en la hoja «Metas». 6. Use la columna «Tendencia F1 → F3» para mostrar el efecto de las lecciones aprendidas entre fases.
A9: Colores | B9: Amarillo: fila de ejemplo (bórrela o reemplácela). Encabezado azul oscuro: dato que se ingresa. Encabezado azul medio y celda gris: columna calculada con fórmula (no la sobrescriba). Rojo: vencido o fuera de meta. Ámbar: por vencer o cerca del límite. Verde: cumplido.
A10: Impresión | B10: Cada hoja está configurada en A4, ajustada al ancho de la página, con el encabezado repetido en cada página. El área de impresión de las hojas de datos cubre las primeras 50 filas: si usa más, amplíela en Diseño de página > Área de impresión.
A12: Columnas de la hoja «Datos semanales»
A13: Columna | B13: Significado | C13: Tipo de dato
A14: Ejemplo | B14: Contiene «EJEMPLO» en las filas de ejemplo. Déjela vacía en las filas reales. | C14: Manual
A15: Semana (lunes) | B15: Lunes de la semana reportada. | C15: Manual
A16: Fase del proyecto | B16: Fase del proyecto. | C16: Lista
A17: IWP planificados en la semana | B17: Dato semanal: iwp planificados en la semana. | C17: Manual
A18: IWP completados según plan | B18: Dato semanal: iwp completados según plan. | C18: Manual
A19: IWP liberados en la semana | B19: Dato semanal: iwp liberados en la semana. | C19: Manual
A20: IWP liberados sin restricciones | B20: Dato semanal: iwp liberados sin restricciones. | C20: Manual
A21: IWP liberados con 100 % de materiales | B21: Dato semanal: iwp liberados con 100 % de materiales. | C21: Manual
A22: IWP entregados a campo | B22: Dato semanal: iwp entregados a campo. | C22: Manual
A23: IWP devueltos de campo | B23: Dato semanal: iwp devueltos de campo. | C23: Manual
A24: HH de IWP en backlog (fin de semana) | B24: Dato semanal: hh de iwp en backlog (fin de semana). | C24: Manual
... A43: Factor de productividad | B43: Calculado: HH ganadas ÷ HH gastadas. | C43: Calculado
A45: Columnas de la hoja «Tablero»
A46: Columna | B46: Significado | C46: Tipo de dato
A47: Valor | B47: KPI acumulado de la fase (fórmula de la hoja «Metas»). | C47: Calculado
A48: Meta | B48: Meta de la fase (de la hoja «Metas»). | C48: Calculado
A49: Semáforo | B49: Verde / Ámbar / Rojo según la meta y el sentido. | C49: Calculado
A50: Tendencia F1 → F3 | B50: Mejora o empeora el valor de la Fase 3 respecto de la Fase 1. | C50: Calculado

Sheet Tablero
A1: Tablero de KPI por fase del proyecto
A2: Proyecto Tipo (PT) – Complejo de instalaciones en tres fases. Valores acumulados de la hoja «Datos semanales». Verde: cumple la meta; ámbar: a menos de 10 % de la meta; rojo: más de 10 % fuera de la meta.
A5: Código | B5: KPI | C5: Tipo | D5: Unidad | E5: Sentido | F5: Fase 1 – Infraestructura y obras tempranas | I5: Fase 2 – Instalación principal | L5: Fase 3 – Edificaciones complementarias y ampliación | O5: Tendencia F1 → F3
F6: Valor | G6: Meta | H6: Semáforo | I6: Valor | J6: Meta | K6: Semáforo | L6: Valor | M6: Meta | N6: Semáforo
A7: K01 | B7: EWP emitidos a tiempo | C7: Proceso | D7: % | E7: =Metas!E6 | F7: =IFERROR(SUMIFS('Datos semanales'!$R$6:$R$305,'Datos semanales'!$C$6:$C$305,"Fase 1")/SUMIFS('Datos semanales'!$Q$6:$Q$305,'Datos semanales'!$C$6:$C$305,"Fase 1"),"") | G7: =Metas!F6 | H7: =IF(F7="","",IF($E7="≥",IF(F7>=G7,"Verde",IF(F7>=G7*0.9,"Ámbar","Rojo")),IF(F7<=G7,"Verde",IF(F7<=G7*1.1,"Ámbar","Rojo")))) | I7: =IFERROR(SUMIFS('Datos semanales'!$R$6:$R$305,'Datos semanales'!$C$6:$C$305,"Fase 2")/SUMIFS('Datos semanales'!$Q$6:$Q$305,'Datos semanales'!$C$6:$C$305,"Fase 2"),"") | J7: =Metas!G6 | K7: =IF(I7="","",IF($E7="≥",IF(I7>=J7,"Verde",IF(I7>=J7*0.9,"Ámbar","Rojo")),IF(I7<=J7,"Verde",IF(I7<=J7*1.1,"Ámbar","Rojo")))) | L7: =IFERROR(SUMIFS('Datos semanales'!$R$6:$R$305,'Datos semanales'!$C$6:$C$305,"Fase 3")/SUMIFS('Datos semanales'!$Q$6:$Q$305,'Datos semanales'!$C$6:$C$305,"Fase 3"),"") | M7: =Metas!H6 | N7: =IF(L7="","",IF($E7="≥",IF(L7>=M7,"Verde",IF(L7>=M7*0.9,"Ámbar","Rojo")),IF(L7<=M7,"Verde",IF(L7<=M7*1.1,"Ámbar","Rojo")))) | O7: =IF(OR(F7="",L7=""),"",IF(L7=F7,"Sin cambio",IF((L7>F7)=($E7="≥"),"Mejora","Empeora")))
A8: K02 | B8: Materiales disponibles al liberar | C8: Proceso | D8: % | E8: =Metas!E7 | F8: =IFERROR(SUMIFS('Datos semanales'!$H$6:$H$305,'Datos semanales'!$C$6:$C$305,"Fase 1")/SUMIFS('Datos semanales'!$F$6:$F$305,'Datos semanales'!$C$6:$C$305,"Fase 1"),"") | G8: =Metas!F7 | H8: =IF(F8="","",IF($E8="≥",IF(F8>=G8,"Verde",IF(F8>=G8*0.9,"Ámbar","Rojo")),IF(F8<=G8,"Verde",IF(F8<=G8*1.1,"Ámbar","Rojo")))) | I8: =IFERROR(SUMIFS('Datos semanales'!$H$6:$H$305,'Datos semanales'!$C$6:$C$305,"Fase 2")/SUMIFS('Datos semanales'!$F$6:$F$305,'Datos semanales'!$C$6:$C$305,"Fase 2"),"") | J8: =Metas!G7 | K8: =IF(I8="","",IF($E8="≥",IF(I8>=J8,"Verde",IF(I8>=J8*0.9,"Ámbar","Rojo")),IF(I8<=J8,"Verde",IF(I8<=J8*1.1,"Ámbar","Rojo")))) | L8: =IFERROR(SUMIFS('Datos semanales'!$H$6:$H$305,'Datos semanales'!$C$6:$C$305,"Fase 3")/SUMIFS('Datos semanales'!$F$6:$F$305,'Datos semanales'!$C$6:$C$305,"Fase 3"),"") | M8: =Metas!H7 | N8: =IF(L8="","",IF($E8="≥",IF(L8>=M8,"Verde",IF(L8>=M8*0.9,"Ámbar","Rojo")),IF(L8<=M8,"Verde",IF(L8<=M8*1.1,"Ámbar","Rojo")))) | O8: =IF(OR(F8="",L8=""),"",IF(L8=F8,"Sin cambio",IF((L8>F8)=($E8="≥"),"Mejora","Empeora")))
A9: K03 | B9: IWP liberados sin restricciones | C9: Proceso | D9: % | E9: =Metas!E8 | F9: =IFERROR(SUMIFS('Datos semanales'!$G$6:$G$305,'Datos semanales'!$C$6:$C$305,"Fase 1")/SUMIFS('Datos semanales'!$F$6:$F$305,'Datos semanales'!$C$6:$C$305,"Fase 1"),"") | G9: =Metas!F8 | H9: =IF(F9="","",IF($E9="≥",IF(F9>=G9,"Verde",IF(F9>=G9*0.9,"Ámbar","Rojo")),IF(F9<=G9,"Verde",IF(F9<=G9*1.1,"Ámbar","Rojo")))) | I9: =IFERROR(SUMIFS('Datos semanales'!$G$6:$G$305,'Datos semanales'!$C$6:$C$305,"Fase 2")/SUMIFS('Datos semanales'!$F$6:$F$305,'Datos semanales'!$C$6:$C$305,"Fase 2"),"") | J9: =Metas!G8 | K9: =IF(I9="","",IF($E9="≥",IF(I9>=J9,"Verde",IF(I9>=J9*0.9,"Ámbar","Rojo")),IF(I9<=J9,"Verde",IF(I9<=J9*1.1,"Ámbar","Rojo")))) | L9: =IFERROR(SUMIFS('Datos semanales'!$G$6:$G$305,'Datos semanales'!$C$6:$C$305,"Fase 3")/SUMIFS('Datos semanales'!$F$6:$F$305,'Datos semanales'!$C$6:$C$305,"Fase 3"),"") | M9: =Metas!H8 | N9: =IF(L9="","",IF($E9="≥",IF(L9>=M9,"Verde",IF(L9>=M9*0.9,"Ámbar","Rojo")),IF(L9<=M9,"Verde",IF(L9<=M9*1.1,"Ámbar","Rojo")))) | O9: =IF(OR(F9="",L9=""),"",IF(L9=F9,"Sin cambio",IF((L9>F9)=($E9="≥"),"Mejora","Empeora")))
A10: K04 | B10: Backlog de IWP liberados | C10: Proceso | D10: semanas | E10: =Metas!E9 | F10: =IFERROR(AVERAGEIFS('Datos semanales'!$AC$6:$AC$305,'Datos semanales'!$C$6:$C$305,"Fase 1"),"") | G10: =Metas!F9 | H10: =IF(F10="","",IF($E10="≥",IF(F10>=G10,"Verde",IF(F10>=G10*0.9,"Ámbar","Rojo")),IF(F10<=G10,"Verde",IF(F10<=G10*1.1,"Ámbar","Rojo")))) | I10: =IFERROR(AVERAGEIFS('Datos semanales'!$AC$6:$AC$305,'Datos semanales'!$C$6:$C$305,"Fase 2"),"") | J10: =Metas!G9 | K10: =IF(I10="","",IF($E10="≥",IF(I10>=J10,"Verde",IF(I10>=J10*0.9,"Ámbar","Rojo")),IF(I10<=J10,"Verde",IF(I10<=J10*1.1,"Ámbar","Rojo")))) | L10: =IFERROR(AVERAGEIFS('Datos semanales'!$AC$6:$AC$305,'Datos semanales'!$C$6:$C$305,"Fase 3"),"") | M10: =Metas!H9 | N10: =IF(L10="","",IF($E10="≥",IF(L10>=M10,"Verde",IF(L10>=M10*0.9,"Ámbar","Rojo")),IF(L10<=M10,"Verde",IF(L10<=M10*1.1,"Ámbar","Rojo")))) | O10: =IF(OR(F10="",L10=""),"",IF(L10=F10,"Sin cambio",IF((L10>F10)=($E10="≥"),"Mejora","Empeora")))
A11: K05 | B11: Restricciones liberadas a tiempo | C11: Proceso | D11: % | E11: =Metas!E10 | F11: =IFERROR(SUMIFS('Datos semanales'!$N$6:$N$305,'Datos semanales'!$C$6:$C$305,"Fase 1")/SUMIFS('Datos semanales'!$M$6:$M$305,'Datos semanales'!$C$6:$C$305,"Fase 1"),"") | G11: =Metas!F10 | H11: =IF(F11="","",IF($E11="≥",IF(F11>=G11,"Verde",IF(F11>=G11*0.9,"Ámbar","Rojo")),IF(F11<=G11,"Verde",IF(F11<=G11*1.1,"Ámbar","Rojo")))) | I11: =IFERROR(SUMIFS('Datos semanales'!$N$6:$N$305,'Datos semanales'!$C$6:$C$305,"Fase 2")/SUMIFS('Datos semanales'!$M$6:$M$305,'Datos semanales'!$C$6:$C$305,"Fase 2"),"") | J11: =Metas!G10 | K11: =IF(I11="","",IF($E11="≥",IF(I11>=J11,"Verde",IF(I11>=J11*0.9,"Ámbar","Rojo")),IF(I11<=J11,"Verde",IF(I11<=J11*1.1,"Ámbar","Rojo")))) | L11: =IFERROR(SUMIFS('Datos semanales'!$N$6:$N$305,'Datos semanales'!$C$6:$C$305,"Fase 3")/SUMIFS('Datos semanales'!$M$6:$M$305,'Datos semanales'!$C$6:$C$305,"Fase 3"),"") | M11: =Metas!H10 | N11: =IF(L11="","",IF($E11="≥",IF(L11>=M11,"Verde",IF(L11>=M11*0.9,"Ámbar","Rojo")),IF(L11<=M11,"Verde",IF(L11<=M11*1.1,"Ámbar","Rojo")))) | O11: =IF(OR(F11="",L11=""),"",IF(L11=F11,"Sin cambio",IF((L11>F11)=($E11="≥"),"Mejora","Empeora")))
A12: K06 | B12: Atraso promedio de restricciones | C12: Proceso | D12: días | E12: =Metas!E11 | F12: =IFERROR(SUMIFS('Datos semanales'!$P$6:$P$305,'Datos semanales'!$C$6:$C$305,"Fase 1")/SUMIFS('Datos semanales'!$O$6:$O$305,'Datos semanales'!$C$6:$C$305,"Fase 1"),"") | G12: =Metas!F11 | H12: =IF(F12="","",IF($E12="≥",IF(F12>=G12,"Verde",IF(F12>=G12*0.9,"Ámbar","Rojo")),IF(F12<=G12,"Verde",IF(F12<=G12*1.1,"Ámbar","Rojo")))) | I12: =IFERROR(SUMIFS('Datos semanales'!$P$6:$P$305,'Datos semanales'!$C$6:$C$305,"Fase 2")/SUMIFS('Datos semanales'!$O$6:$O$305,'Datos semanales'!$C$6:$C$305,"Fase 2"),"") | J12: =Metas!G11 | K12: =IF(I12="","",IF($E12="≥",IF(I12>=J12,"Verde",IF(I12>=J12*0.9,"Ámbar","Rojo")),IF(I12<=J12,"Verde",IF(I12<=J12*1.1,"Ámbar","Rojo")))) | L12: =IFERROR(SUMIFS('Datos semanales'!$P$6:$P$305,'Datos semanales'!$C$6:$C$305,"Fase 3")/SUMIFS('Datos semanales'!$O$6:$O$305,'Datos semanales'!$C$6:$C$305,"Fase 3"),"") | M12: =Metas!H11 | N12: =IF(L12="","",IF($E12="≥",IF(L12>=M12,"Verde",IF(L12>=M12*0.9,"Ámbar","Rojo")),IF(L12<=M12,"Verde",IF(L12<=M12*1.1,"Ámbar","Rojo")))) | O12: =IF(OR(F12="",L12=""),"",IF(L12=F12,"Sin cambio",IF((L12>F12)=($E12="≥"),"Mejora","Empeora")))
A13: K07 | B13: Cobertura de planificadores | C13: Proceso | D13: trab./planif. | E13: =Metas!E12 | F13: =IFERROR(SUMIFS('Datos semanales'!$V$6:$V$305,'Datos semanales'!$C$6:$C$305,"Fase 1")/SUMIFS('Datos semanales'!$W$6:$W$305,'Datos semanales'!$C$6:$C$305,"Fase 1"),"") | G13: =Metas!F12 | H13: =IF(F13="","",IF($E13="≥",IF(F13>=G13,"Verde",IF(F13>=G13*0.9,"Ámbar","Rojo")),IF(F13<=G13,"Verde",IF(F13<=G13*1.1,"Ámbar","Rojo")))) | I13: =IFERROR(SUMIFS('Datos semanales'!$V$6:$V$305,'Datos semanales'!$C$6:$C$305,"Fase 2")/SUMIFS('Datos semanales'!$W$6:$W$305,'Datos semanales'!$C$6:$C$305,"Fase 2"),"") | J13: =Metas!G12 | K13: =IF(I13="","",IF($E13="≥",IF(I13>=J13,"Verde",IF(I13>=J13*0.9,"Ámbar","Rojo")),IF(I13<=J13,"Verde",IF(I13<=J13*1.1,"Ámbar","Rojo")))) | L13: =IFERROR(SUMIFS('Datos semanales'!$V$6:$V$305,'Datos semanales'!$C$6:$C$305,"Fase 3")/SUMIFS('Datos semanales'!$W$6:$W$305,'Datos semanales'!$C$6:$C$305,"Fase 3"),"") | M13: =Metas!H12 | N13: =IF(L13="","",IF($E13="≥",IF(L13>=M13,"Verde",IF(L13>=M13*0.9,"Ámbar","Rojo")),IF(L13<=M13,"Verde",IF(L13<=M13*1.1,"Ámbar","Rojo")))) | O13: =IF(OR(F13="",L13=""),"",IF(L13=F13,"Sin cambio",IF((L13>F13)=($E13="≥"),"Mejora","Empeora")))
A14: K08 | B14: Porcentaje de plan cumplido (PPC) | C14: Resultado | D14: % | E14: =Metas!E13 | F14: =IFERROR(SUMIFS('Datos semanales'!$E$6:$E$305,'Datos semanales'!$C$6:$C$305,"Fase 1")/SUMIFS('Datos semanales'!$D$6:$D$305,'Datos semanales'!$C$6:$C$305,"Fase 1"),"") | G14: =Metas!F13 | H14: =IF(F14="","",IF($E14="≥",IF(F14>=G14,"Verde",IF(F14>=G14*0.9,"Ámbar","Rojo")),IF(F14<=G14,"Verde",IF(F14<=G14*1.1,"Ámbar","Rojo")))) | I14: =IFERROR(SUMIFS('Datos semanales'!$E$6:$E$305,'Datos semanales'!$C$6:$C$305,"Fase 2")/SUMIFS('Datos semanales'!$D$6:$D$305,'Datos semanales'!$C$6:$C$305,"Fase 2"),"") | J14: =Metas!G13 | K14: =IF(I14="","",IF($E14="≥",IF(I14>=J14,"Verde",IF(I14>=J14*0.9,"Ámbar","Rojo")),IF(I14<=J14,"Verde",IF(I14<=J14*1.1,"Ámbar","Rojo")))) | L14: =IFERROR(SUMIFS('Datos semanales'!$E$6:$E$305,'Datos semanales'!$C$6:$C$305,"Fase 3")/SUMIFS('Datos semanales'!$D$6:$D$305,'Datos semanales'!$C$6:$C$305,"Fase 3"),"") | M14: =Metas!H13 | N14: =IF(L14="","",IF($E14="≥",IF(L14>=M14,"Verde",IF(L14>=M14*0.9,"Ámbar","Rojo")),IF(L14<=M14,"Verde",IF(L14<=M14*1.1,"Ámbar","Rojo")))) | O14: =IF(OR(F14="",L14=""),"",IF(L14=F14,"Sin cambio",IF((L14>F14)=($E14="≥"),"Mejora","Empeora")))
A15: K09 | B15: IWP devueltos | C15: Resultado | D15: % | E15: =Metas!E14 | F15: =IFERROR(SUMIFS('Datos semanales'!$J$6:$J$305,'Datos semanales'!$C$6:$C$305,"Fase 1")/SUMIFS('Datos semanales'!$I$6:$I$305,'Datos semanales'!$C$6:$C$305,"Fase 1"),"") | G15: =Metas!F14 | H15: =IF(F15="","",IF($E15="≥",IF(F15>=G15,"Verde",IF(F15>=G15*0.9,"Ámbar","Rojo")),IF(F15<=G15,"Verde",IF(F15<=G15*1.1,"Ámbar","Rojo")))) | I15: =IFERROR(SUMIFS('Datos semanales'!$J$6:$J$305,'Datos semanales'!$C$6:$C$305,"Fase 2")/SUMIFS('Datos semanales'!$I$6:$I$305,'Datos semanales'!$C$6:$C$305,"Fase 2"),"") | J15: =Metas!G14 | K15: =IF(I15="","",IF($E15="≥",IF(I15>=J15,"Verde",IF(I15>=J15*0.9,"Ámbar","Rojo")),IF(I15<=J15,"Verde",IF(I15<=J15*1.1,"Ámbar","Rojo")))) | L15: =IFERROR(SUMIFS('Datos semanales'!$J$6:$J$305,'Datos semanales'!$C$6:$C$305,"Fase 3")/SUMIFS('Datos semanales'!$I$6:$I$305,'Datos semanales'!$C$6:$C$305,"Fase 3"),"") | M15: =Metas!H14 | N15: =IF(L15="","",IF($E15="≥",IF(L15>=M15,"Verde",IF(L15>=M15*0.9,"Ámbar","Rojo")),IF(L15<=M15,"Verde",IF(L15<=M15*1.1,"Ámbar","Rojo")))) | O15: =IF(OR(F15="",L15=""),"",IF(L15=F15,"Sin cambio",IF((L15>F15)=($E15="≥"),"Mejora","Empeora")))
A16: K10 | B16: Factor de productividad | C16: Resultado | D16: índice | E16: =Metas!E15 | F16: =IFERROR(SUMIFS('Datos semanales'!$S$6:$S$305,'Datos semanales'!$C$6:$C$305,"Fase 1")/SUMIFS('Datos semanales'!$T$6:$T$305,'Datos semanales'!$C$6:$C$305,"Fase 1"),"") | G16: =Metas!F15 | H16: =IF(F16="","",IF($E16="≥",IF(F16>=G16,"Verde",IF(F16>=G16*0.9,"Ámbar","Rojo")),IF(F16<=G16,"Verde",IF(F16<=G16*1.1,"Ámbar","Rojo")))) | I16: =IFERROR(SUMIFS('Datos semanales'!$S$6:$S$305,'Datos semanales'!$C$6:$C$305,"Fase 2")/SUMIFS('Datos semanales'!$T$6:$T$305,'Datos semanales'!$C$6:$C$305,"Fase 2"),"") | J16: =Metas!G15 | K16: =IF(I16="","",IF($E16="≥",IF(I16>=J16,"Verde",IF(I16>=J16*0.9,"Ámbar","Rojo")),IF(I16<=J16,"Verde",IF(I16<=J16*1.1,"Ámbar","Rojo")))) | L16: =IFERROR(SUMIFS('Datos semanales'!$S$6:$S$305,'Datos semanales'!$C$6:$C$305,"Fase 3")/SUMIFS('Datos semanales'!$T$6:$T$305,'Datos semanales'!$C$6:$C$305,"Fase 3"),"") | M16: =Metas!H15 | N16: =IF(L16="","",IF($E16="≥",IF(L16>=M16,"Verde",IF(L16>=M16*0.9,"Ámbar","Rojo")),IF(L16<=M16,"Verde",IF(L16<=M16*1.1,"Ámbar","Rojo")))) | O16: =IF(OR(F16="",L16=""),"",IF(L16=F16,"Sin cambio",IF((L16>F16)=($E16="≥"),"Mejora","Empeora")))
A17: K11 | B17: Tiempo productivo (tool time) | C17: Resultado | D17: % | E17: =Metas!E16 | F17: =IFERROR(AVERAGEIFS('Datos semanales'!$X$6:$X$305,'Datos semanales'!$C$6:$C$305,"Fase 1",'Datos semanales'!$X$6:$X$305,"<>"),"") | G17: =Metas!F16 | H17: =IF(F17="","",IF($E17="≥",IF(F17>=G17,"Verde",IF(F17>=G17*0.9,"Ámbar","Rojo")),IF(F17<=G17,"Verde",IF(F17<=G17*1.1,"Ámbar","Rojo")))) | I17: =IFERROR(AVERAGEIFS('Datos semanales'!$X$6:$X$305,'Datos semanales'!$C$6:$C$305,"Fase 2",'Datos semanales'!$X$6:$X$305,"<>"),"") | J17: =Metas!G16 | K17: =IF(I17="","",IF($E17="≥",IF(I17>=J17,"Verde",IF(I17>=J17*0.9,"Ámbar","Rojo")),IF(I17<=J17,"Verde",IF(I17<=J17*1.1,"Ámbar","Rojo")))) | L17: =IFERROR(AVERAGEIFS('Datos semanales'!$X$6:$X$305,'Datos semanales'!$C$6:$C$305,"Fase 3",'Datos semanales'!$X$6:$X$305,"<>"),"") | M17: =Metas!H16 | N17: =IF(L17="","",IF($E17="≥",IF(L17>=M17,"Verde",IF(L17>=M17*0.9,"Ámbar","Rojo")),IF(L17<=M17,"Verde",IF(L17<=M17*1.1,"Ámbar","Rojo")))) | O17: =IF(OR(F17="",L17=""),"",IF(L17=F17,"Sin cambio",IF((L17>F17)=($E17="≥"),"Mejora","Empeora")))
A18: K12 | B18: Retrabajo | C18: Resultado | D18: % | E18: =Metas!E17 | F18: =IFERROR(SUMIFS('Datos semanales'!$U$6:$U$305,'Datos semanales'!$C$6:$C$305,"Fase 1")/SUMIFS('Datos semanales'!$T$6:$T$305,'Datos semanales'!$C$6:$C$305,"Fase 1"),"") | G18: =Metas!F17 | H18: =IF(F18="","",IF($E18="≥",IF(F18>=G18,"Verde",IF(F18>=G18*0.9,"Ámbar","Rojo")),IF(F18<=G18,"Verde",IF(F18<=G18*1.1,"Ámbar","Rojo")))) | I18: =IFERROR(SUMIFS('Datos semanales'!$U$6:$U$305,'Datos semanales'!$C$6:$C$305,"Fase 2")/SUMIFS('Datos semanales'!$T$6:$T$305,'Datos semanales'!$C$6:$C$305,"Fase 2"),"") | J18: =Metas!G17 | K18: =IF(I18="","",IF($E18="≥",IF(I18>=J18,"Verde",IF(I18>=J18*0.9,"Ámbar","Rojo")),IF(I18<=J18,"Verde",IF(I18<=J18*1.1,"Ámbar","Rojo")))) | L18: =IFERROR(SUMIFS('Datos semanales'!$U$6:$U$305,'Datos semanales'!$C$6:$C$305,"Fase 3")/SUMIFS('Datos semanales'!$T$6:$T$305,'Datos semanales'!$C$6:$C$305,"Fase 3"),"") | M18: =Metas!H17 | N18: =IF(L18="","",IF($E18="≥",IF(L18>=M18,"Verde",IF(L18>=M18*0.9,"Ámbar","Rojo")),IF(L18<=M18,"Verde",IF(L18<=M18*1.1,"Ámbar","Rojo")))) | O18: =IF(OR(F18="",L18=""),"",IF(L18=F18,"Sin cambio",IF((L18>F18)=($E18="≥"),"Mejora","Empeora")))
A19: K13 | B19: SPI de construcción | C19: Resultado | D19: índice | E19: =Metas!E18 | F19: =IFERROR(SUMIFS('Datos semanales'!$Y$6:$Y$305,'Datos semanales'!$C$6:$C$305,"Fase 1")/SUMIFS('Datos semanales'!$Z$6:$Z$305,'Datos semanales'!$C$6:$C$305,"Fase 1"),"") | G19: =Metas!F18 | H19: =IF(F19="","",IF($E19="≥",IF(F19>=G19,"Verde",IF(F19>=G19*0.9,"Ámbar","Rojo")),IF(F19<=G19,"Verde",IF(F19<=G19*1.1,"Ámbar","Rojo")))) | I19: =IFERROR(SUMIFS('Datos semanales'!$Y$6:$Y$305,'Datos semanales'!$C$6:$C$305,"Fase 2")/SUMIFS('Datos semanales'!$Z$6:$Z$305,'Datos semanales'!$C$6:$C$305,"Fase 2"),"") | J19: =Metas!G18 | K19: =IF(I19="","",IF($E19="≥",IF(I19>=J19,"Verde",IF(I19>=J19*0.9,"Ámbar","Rojo")),IF(I19<=J19,"Verde",IF(I19<=J19*1.1,"Ámbar","Rojo")))) | L19: =IFERROR(SUMIFS('Datos semanales'!$Y$6:$Y$305,'Datos semanales'!$C$6:$C$305,"Fase 3")/SUMIFS('Datos semanales'!$Z$6:$Z$305,'Datos semanales'!$C$6:$C$305,"Fase 3"),"") | M19: =Metas!H18 | N19: =IF(L19="","",IF($E19="≥",IF(L19>=M19,"Verde",IF(L19>=M19*0.9,"Ámbar","Rojo")),IF(L19<=M19,"Verde",IF(L19<=M19*1.1,"Ámbar","Rojo")))) | O19: =IF(OR(F19="",L19=""),"",IF(L19=F19,"Sin cambio",IF((L19>F19)=($E19="≥"),"Mejora","Empeora")))
A22: Datos del gráfico
B23: KPI | C23: Fase 1 | D23: Fase 2 | E23: Fase 3
B24: =A7&" "&B7 | C24: =IF(F7="",0,F7) | D24: =IF(I7="",0,I7) | E24: =IF(L7="",0,L7)
B25: =A8&" "&B8 | C25: =IF(F8="",0,F8) | D25: =IF(I8="",0,I8) | E25: =IF(L8="",0,L8)
B26: =A9&" "&B9 | C26: =IF(F9="",0,F9) | D26: =IF(I9="",0,I9) | E26: =IF(L9="",0,L9)
B27: =A11&" "&B11 | C27: =IF(F11="",0,F11) | D27: =IF(I11="",0,I11) | E27: =IF(L11="",0,L11)
B28: =A14&" "&B14 | C28: =IF(F14="",0,F14) | D28: =IF(I14="",0,I14) | E28: =IF(L14="",0,L14)
B29: =A17&" "&B17 | C29: =IF(F17="",0,F17) | D29: =IF(I17="",0,I17) | E29: =IF(L17="",0,L17)

Sheet Metas
A1: Metas de KPI por fase del proyecto
A2: Puede ajustar las metas; el tablero se recalcula. Sentido «≥»: mayor es mejor; «≤»: menor es mejor.
A5: Código | B5: KPI | C5: Fórmula | D5: Unidad | E5: Sentido | F5: Meta Fase 1 | G5: Meta Fase 2 | H5: Meta Fase 3 | I5: Tipo
A6: K01 | B6: EWP emitidos a tiempo | C6: EWP emitidos IFC a tiempo ÷ EWP con fecha requerida vencida | D6: % | E6: ≥ | F6: 0.8 | G6: 0.9 | H6: 0.95 | I6: Proceso
A7: K02 | B7: Materiales disponibles al liberar | C7: IWP liberados con 100 % de materiales ÷ IWP liberados | D7: % | E7: ≥ | F7: 0.9 | G7: 0.95 | H7: 0.98 | I7: Proceso
A8: K03 | B8: IWP liberados sin restricciones | C8: IWP liberados sin restricciones abiertas ÷ IWP liberados | D8: % | E8: ≥ | F8: 0.85 | G8: 0.95 | H8: 0.98 | I8: Proceso
A9: K04 | B9: Backlog de IWP liberados | C9: HH de IWP liberados no iniciados ÷ HH ejecutadas por semana | D9: semanas | E9: ≥ | F9: 2 | G9: 2 | H9: 3 | I9: Proceso
A10: K05 | B10: Restricciones liberadas a tiempo | C10: Restricciones liberadas a tiempo ÷ restricciones liberadas | D10: % | E10: ≥ | F10: 0.8 | G10: 0.9 | H10: 0.95 | I10: Proceso
A11: K06 | B11: Atraso promedio de restricciones | C11: Suma de días de atraso ÷ N.° de restricciones vencidas | D11: días | E11: ≤ | F11: 7 | G11: 5 | H11: 3 | I11: Proceso
A12: K07 | B12: Cobertura de planificadores | C12: Trabajadores directos ÷ planificadores | D12: trab./planif. | E12: ≤ | F12: 55 | G12: 50 | H12: 50 | I12: Proceso
A13: K08 | B13: Porcentaje de plan cumplido (PPC) | C13: IWP completados según plan ÷ IWP planificados | D13: % | E13: ≥ | F13: 0.75 | G13: 0.8 | H13: 0.85 | I13: Resultado
A14: K09 | B14: IWP devueltos | C14: IWP devueltos de campo ÷ IWP entregados a campo | D14: % | E14: ≤ | F14: 0.08 | G14: 0.05 | H14: 0.03 | I14: Resultado
A15: K10 | B15: Factor de productividad | C15: HH ganadas ÷ HH gastadas | D15: índice | E15: ≥ | F15: 0.95 | G15: 1 | H15: 1.05 | I15: Resultado
A16: K11 | B16: Tiempo productivo (tool time) | C16: Tiempo en trabajo directo ÷ tiempo observado | D16: % | E16: ≥ | F16: 0.4 | G16: 0.44 | H16: 0.46 | I16: Resultado
A17: K12 | B17: Retrabajo | C17: HH de retrabajo ÷ HH gastadas | D17: % | E17: ≤ | F17: 0.04 | G17: 0.03 | H17: 0.02 | I17: Resultado
A18: K13 | B18: SPI de construcción | C18: Valor ganado ÷ valor planificado | D18: índice | E18: ≥ | F18: 0.95 | G18: 0.98 | H18: 1 | I18: Resultado

Sheet Datos semanales
A1: Datos semanales para el cálculo de KPI
A2: Proyecto Tipo (PT) – Complejo de instalaciones en tres fases. Las filas en amarillo marcadas «EJEMPLO» son de ejemplo: bórrelas o reemplácelas.
A5: Ejemplo | B5: Semana (lunes) | C5: Fase del proyecto | D5: IWP planificados en la semana | E5: IWP completados según plan | F5: IWP liberados en la semana | G5: IWP liberados sin restricciones | H5: IWP liberados con 100 % de materiales | I5: IWP entregados a campo | J5: IWP devueltos de campo | K5: HH de IWP en backlog (fin de semana) | L5: HH ejecutadas en la semana | M5: Restricciones liberadas | N5: Restricciones liberadas a tiempo | O5: Restricciones vencidas (al corte) | P5: Suma de días de atraso de vencidas | Q5: EWP con fecha requerida vencida | R5: EWP emitidos a tiempo | S5: HH ganadas | T5: HH gastadas | U5: HH de retrabajo | V5: Trabajadores directos | W5: Planificadores de frente de trabajo | X5: Tool time medido (si hubo estudio) | Y5: Valor ganado | Z5: Valor planificado | AA5: PPC semanal | AB5: % IWP sin restricciones | AC5: Backlog (semanas) | AD5: Factor de productividad
A6: EJEMPLO | B6: 46636 | C6: Fase 1 | D6: 40 | E6: 29 | F6: 38 | G6: 31 | H6: 34 | I6: 39 | J6: 4 | K6: 9500 | L6: 5200 | M6: 22 | N6: 16 | O6: 6 | P6: 54 | Q6: 5 | R6: 4 | S6: 5000 | T6: 5400 | U6: 240 | V6: 205 | W6: 4 | X6: 0.39 | Y6: 5100 | Z6: 5400 | AA6: =IF(OR(D6="",D6=0),"",E6/D6) | AB6: =IF(OR(F6="",F6=0),"",G6/F6) | AC6: =IF(OR(L6="",L6=0),"",K6/L6) | AD6: =IF(OR(T6="",T6=0),"",S6/T6)
A7: EJEMPLO | B7: 46643 | C7: Fase 1 | D7: 42 | E7: 32 | F7: 40 | G7: 34 | H7: 37 | I7: 41 | J7: 3 | K7: 10400 | L7: 5300 | M7: 25 | N7: 20 | O7: 5 | P7: 38 | Q7: 4 | R7: 3 | S7: 5150 | T7: 5350 | U7: 210 | V7: 210 | W7: 4 | Y7: 5250 | Z7: 5450 | AA7: =IF(OR(D7="",D7=0),"",E7/D7) | AB7: =IF(OR(F7="",F7=0),"",G7/F7) | AC7: =IF(OR(L7="",L7=0),"",K7/L7) | AD7: =IF(OR(T7="",T7=0),"",S7/T7)
A8: EJEMPLO | B8: 46650 | C8: Fase 1 | D8: 41 | E8: 33 | F8: 42 | G8: 37 | H8: 39 | I8: 40 | J8: 3 | K8: 11200 | L8: 5400 | M8: 24 | N8: 20 | O8: 4 | P8: 26 | Q8: 3 | R8: 3 | S8: 5300 | T8: 5380 | U8: 180 | V8: 215 | W8: 4 | Y8: 5380 | Z8: 5500 | AA8: =IF(OR(D8="",D8=0),"",E8/D8) | AB8: =IF(OR(F8="",F8=0),"",G8/F8) | AC8: =IF(OR(L8="",L8=0),"",K8/L8) | AD8: =IF(OR(T8="",T8=0),"",S8/T8)
A9: EJEMPLO | B9: 46902 | C9: Fase 2 | D9: 150 | E9: 118 | F9: 152 | G9: 142 | H9: 145 | I9: 148 | J9: 8 | K9: 52000 | L9: 19500 | M9: 80 | N9: 70 | O9: 9 | P9: 52 | Q9: 12 | R9: 11 | S9: 19300 | T9: 19600 | U9: 610 | V9: 790 | W9: 16 | X9: 0.43 | Y9: 19300 | Z9: 19900 | AA9: =IF(OR(D9="",D9=0),"",E9/D9) | AB9: =IF(OR(F9="",F9=0),"",G9/F9) | AC9: =IF(OR(L9="",L9=0),"",K9/L9) | AD9: =IF(OR(T9="",T9=0),"",S9/T9)
A10: EJEMPLO | B10: 46909 | C10: Fase 2 | D10: 155 | E10: 125 | F10: 150 | G10: 143 | H10: 146 | I10: 152 | J10: 7 | K10: 55000 | L10: 20100 | M10: 84 | N10: 75 | O10: 8 | P10: 41 | Q10: 10 | R10: 9 | S10: 20200 | T10: 20100 | U10: 580 | V10: 810 | W10: 16 | Y10: 20150 | Z10: 20500 | AA10: =IF(OR(D10="",D10=0),"",E10/D10) | AB10: =IF(OR(F10="",F10=0),"",G10/F10) | AC10: =IF(OR(L10="",L10=0),"",K10/L10) | AD10: =IF(OR(T10="",T10=0),"",S10/T10)
A11: EJEMPLO | B11: 46916 | C11: Fase 2 | D11: 158 | E11: 130 | F11: 160 | G11: 153 | H11: 156 | I11: 156 | J11: 6 | K11: 58000 | L11: 20800 | M11: 86 | N11: 78 | O11: 8 | P11: 36 | Q11: 9 | R11: 9 | S11: 21000 | T11: 20600 | U11: 560 | V11: 830 | W11: 17 | Y11: 20950 | Z11: 21200 | AA11: =IF(OR(D11="",D11=0),"",E11/D11) | AB11: =IF(OR(F11="",F11=0),"",G11/F11) | AC11: =IF(OR(L11="",L11=0),"",K11/L11) | AD11: =IF(OR(T11="",T11=0),"",S11/T11)
A12: EJEMPLO | B12: 47182 | C12: Fase 3 | D12: 70 | E12: 60 | F12: 72 | G12: 71 | H12: 71 | I12: 70 | J12: 2 | K12: 30000 | L12: 8900 | M12: 38 | N12: 37 | O12: 2 | P12: 5 | Q12: 6 | R12: 6 | S12: 9300 | T12: 8900 | U12: 170 | V12: 360 | W12: 8 | X12: 0.46 | Y12: 9150 | Z12: 9100 | AA12: =IF(OR(D12="",D12=0),"",E12/D12) | AB12: =IF(OR(F12="",F12=0),"",G12/F12) | AC12: =IF(OR(L12="",L12=0),"",K12/L12) | AD12: =IF(OR(T12="",T12=0),"",S12/T12)
A13: EJEMPLO | B13: 47189 | C13: Fase 3 | D13: 72 | E13: 62 | F13: 74 | G13: 73 | H13: 73 | I13: 72 | J13: 2 | K13: 31000 | L13: 9100 | M13: 40 | N13: 38 | O13: 2 | P13: 6 | Q13: 5 | R13: 5 | S13: 9550 | T13: 9100 | U13: 160 | V13: 370 | W13: 8 | Y13: 9400 | Z13: 9350 | AA13: =IF(OR(D13="",D13=0),"",E13/D13) | AB13: =IF(OR(F13="",F13=0),"",G13/F13) | AC13: =IF(OR(L13="",L13=0),"",K13/L13) | AD13: =IF(OR(T13="",T13=0),"",S13/T13)
A14: EJEMPLO | B14: 47196 | C14: Fase 3 | D14: 73 | E14: 63 | F14: 75 | G14: 74 | H14: 74 | I14: 73 | J14: 1 | K14: 32500 | L14: 9300 | M14: 41 | N14: 40 | O14: 1 | P14: 2 | Q14: 5 | R14: 5 | S14: 9800 | T14: 9250 | U14: 150 | V14: 375 | W14: 8 | Y14: 9650 | Z14: 9600 | AA14: =IF(OR(D14="",D14=0),"",E14/D14) | AB14: =IF(OR(F14="",F14=0),"",G14/F14) | AC14: =IF(OR(L14="",L14=0),"",K14/L14) | AD14: =IF(OR(T14="",T14=0),"",S14/T14)
AA15: =IF(OR(D15="",D15=0),"",E15/D15) | AB15: =IF(OR(F15="",F15=0),"",G15/F15) | AC15: =IF(OR(L15="",L15=0),"",K15/L15) | AD15: =IF(OR(T15="",T15=0),"",S15/T15)
AA16: =IF(OR(D16="",D16=0),"",E16/D16) | AB16: =IF(OR(F16="",F16=0),"",G16/F16) | AC16: =IF(OR(L16="",L16=0),"",K16/L16) | AD16: =IF(OR(T16="",T16=0),"",S16/T16)
AA17: =IF(OR(D17="",D17=0),"",E17/D17) | AB17: =IF(OR(F17="",F17=0),"",G17/F17) | AC17: =IF(OR(L17="",L17=0),"",K17/L17) | AD17: =IF(OR(T17="",T17=0),"",S17/T17)
AA18: =IF(OR(D18="",D18=0),"",E18/D18) | AB18: =IF(OR(F18="",F18=0),"",G18/F18) | AC18: =IF(OR(L18="",L18=0),"",K18/L18) | AD18: =IF(OR(T18="",T18=0),"",S18/T18)
AA19: =IF(OR(D19="",D19=0),"",E19/D19) | AB19: =IF(OR(F19="",F19=0),"",G19/F19) | AC19: =IF(OR(L19="",L19=0),"",K19/L19) | AD19: =IF(OR(T19="",T19=0),"",S19/T19)
AA20: =IF(OR(D20="",D20=0),"",E20/D20) | AB20: =IF(OR(F20="",F20=0),"",G20/F20) | AC20: =IF(OR(L20="",L20=0),"",K20/L20) | AD20: =IF(OR(T20="",T20=0),"",S20/T20)
AA21: =IF(OR(D21="",D21=0),"",E21/D21) | AB21: =IF(OR(F21="",F21=0),"",G21/F21) | AC21: =IF(OR(L21="",L21=0),"",K21/L21) | AD21: =IF(OR(T21="",T21=0),"",S21/T21)
AA22: =IF(OR(D22="",D22=0),"",E22/D22) | AB22: =IF(OR(F22="",F22=0),"",G22/F22) | AC22: =IF(OR(L22="",L22=0),"",K22/L22) | AD22: =IF(OR(T22="",T22=0),"",S22/T22)
AA23: =IF(OR(D23="",D23=0),"",E23/D23) | AB23: =IF(OR(F23="",F23=0),"",G23/F23) | AC23: =IF(OR(L23="",L23=0),"",K23/L23) | AD23: =IF(OR(T23="",T23=0),"",S23/T23)
AA24: =IF(OR(D24="",D24=0),"",E24/D24) | AB24: =IF(OR(F24="",F24=0),"",G24/F24) | AC24: =IF(OR(L24="",L24=0),"",K24/L24) | AD24: =IF(OR(T24="",T24=0),"",S24/T24)
AA25: =IF(OR(D25="",D25=0),"",E25/D25) | AB25: =IF(OR(F25="",F25=0),"",G25/F25) | AC25: =IF(OR(L25="",L25=0),"",K25/L25) | AD25: =IF(OR(T25="",T25=0),"",S25/T25)
AA26: =IF(OR(D26="",D26=0),"",E26/D26) | AB26: =IF(OR(F26="",F26=0),"",G26/F26) | AC26: =IF(OR(L26="",L26=0),"",K26/L26) | AD26: =IF(OR(T26="",T26=0),"",S26/T26)
... AA305: =IF(OR(D305="",D305=0),"",E305/D305) | AB305: =IF(OR(F305="",F305=0),"",G305/F305) | AC305: =IF(OR(L305="",L305=0),"",K305/L305) | AD305: =IF(OR(T305="",T305=0),"",S305/T305)

Sheet Listas
A1: Valores de las listas desplegables. Puede ampliarlas agregando valores al final de cada columna y ajustando el rango con nombre (Fórmulas > Administrador de nombres).
A2: Fases
A3: Fase 1
A4: Fase 2
A5: Fase 3
